tarih;TP_TRY_MT01;TP_TRY_MT02;TP_TRY_MT03;TP_TRY_MT04;TP_TRY_MT05;TP_TRY_MT06;TP_DK_USD_A_YTL;TP_DK_USD_S_YTL;TP_DK_EUR_A_YTL;TP_DK_EUR_S_YTL;TP_DK_GBP_A_YTL;TP_DK_GBP_S_YTL;XAU_TRY_GRAM;POLITIKA_FAIZI
2002-01-04;63,49;65,06;65,3;65,02;57,94;63,89;1,43834425;1,4452815;1,28544025;1,29164;2,079996;2,09086825;12,64762305;
2002-01-11;63,23;60,15;64,1;65,72;59,31;62,13;1,39142;1,3981308;1,2408242;1,2468088;2,0049178;2,0153978;12,49292008;
2002-01-18;62,76;60,94;63,78;66,26;56,0;62,22;1,3636426;1,3702198;1,2108656;1,2167056;1,965611;1,9758854;12,28710547;
2002-01-25;62,21;59,74;63,65;65,92;55,91;61,42;1,335064;1,3415032;1,1775706;1,18325;1,9077046;1,9176766;11,99169091;
2002-02-01;62,12;59,35;63,49;61,45;72,6;61,27;1,3180866;1,324444;1,136321;1,1418016;1,859647;1,8693676;12,0042207;
2002-02-08;62,87;60,12;63,36;61,2;70,97;61,89;1,3120866;1,318415;1,1359574;1,1414362;1,855083;1,86478;13,50570397;
2002-02-15;62,42;59,38;63,64;60,88;67,93;61,48;1,3587122;1,3652654;1,188289;1,1940204;1,9351456;1,945261;12,91784075;
2002-02-22;61,39;58,71;63,03;60,48;71,18;60,54;1,356536;1,36307875;1,1823645;1,18806725;1,93686325;1,9469875;12,93533043;
2002-03-01;60,75;59,26;63,33;58,93;71,37;60,29;1,38541625;1,39209825;1,202192;1,20799025;1,96870025;1,978991;13,27949131;57,0
2002-03-08;60,19;55,87;61,8;60,75;64,45;58,86;1,3742404;1,3808686;1,1946374;1,2003994;1,951795;1,9619974;12,63977666;57,0
2002-03-15;58,22;57,08;61,23;61,48;62,33;57,94;1,3554608;1,3619984;1,1873224;1,1930492;1,9220028;1,9320492;12,54572608;57,0
2002-03-22;56,63;55,68;62,27;60,61;65,35;56,58;1,344876;1,3513624;1,1866372;1,1923606;1,9164654;1,9264832;12,82645997;57,0
2002-03-29;57,61;55,73;61,52;60,1;66,57;57,33;1,3338728;1,3403062;1,1673;1,1729298;1,9000072;1,909939;13,06137663;57,0
2002-04-05;55,7;53,77;59,75;58,05;65,46;55,48;1,3305348;1,336952;1,1670328;1,1726614;1,9056656;1,9156266;12,57862594;54,0
2002-04-12;55,93;52,41;60,25;55,77;66,21;55,04;1,301218;1,307494;1,1432954;1,1488096;1,8655806;1,8753322;12,62790982;54,0
2002-04-19;54,61;51,37;60,85;54,3;63,59;53,73;1,2940266;1,3002678;1,1435206;1,149036;1,8628192;1,8725566;12,64695946;54,0
2002-04-26;53,74;51,26;58,24;55,42;63,16;53,12;1,3231845;1,32956675;1,1792995;1,18498725;1,91603025;1,9260455;13,5028313;54,0
2002-05-03;51,11;49,89;56,76;49,47;59,11;51,11;1,3458008;1,352292;1,2132904;1,2191422;1,9617708;1,9720252;13,70925838;48,0
2002-05-10;50,04;49,73;56,56;48,91;64,23;50,3;1,3671982;1,3737926;1,244539;1,2505416;1,9995926;2,0100448;13,78958381;48,0
2002-05-17;49,77;48,25;55,63;51,49;63,08;49,63;1,383716;1,3903896;1,2589472;1,2650194;2,0150464;2,0255796;14,58897997;48,0
2002-05-24;49,97;49,13;54,86;51,12;65,96;49,97;1,4120736;1,4188844;1,3006586;1,3069318;2,0595042;2,0702698;14,56223794;48,0
2002-05-31;50,24;50,14;53,94;47,72;62,23;50,41;1,404647;1,411422;1,3010702;1,3073454;2,0480946;2,0588004;15,10734967;48,0
2002-06-07;50,55;49,35;54,07;49,56;64,2;50,51;1,4392154;1,446157;1,3496166;1,3561258;2,100775;2,111756;15,19920114;48,0
2002-06-14;50,28;49,77;53,69;49,28;63,8;50,39;1,4939894;1,501195;1,4115418;1,41835;2,189008;2,2004502;16,12762468;48,0
2002-06-21;49,93;50,95;54,05;51,67;64,13;50,49;1,5601022;1,5676268;1,482645;1,4897962;2,3142066;2,3263034;16,27033541;48,0
2002-06-28;50,89;50,07;56,34;51,46;64,5;50,84;1,5877872;1,5954454;1,5526106;1,560099;2,3971944;2,409725;15,9102792;48,0
2002-07-05;50,44;50,23;55,68;52,18;63,06;50,86;1,5949496;1,6026424;1,5710046;1,5785818;2,4363866;2,449122;16,11873339;48,0
2002-07-12;50,81;51,56;55,87;52,3;65,21;51,29;1,6463598;1,6543004;1,6228934;1,630721;2,5306218;2,54385;16,83401516;48,0
2002-07-19;51,08;51,04;55,49;51,03;65,15;51,42;1,6636676;1,6716916;1,6675166;1,6755592;2,5992024;2,612789;17,37481483;48,0
2002-07-26;50,77;51,42;55,78;51,79;65,2;51,21;1,6715798;1,679642;1,674008;1,682082;2,6266132;2,640343;16,44181142;48,0
2002-08-02;50,0;51,39;55,67;51,67;65,44;50,9;1,6819628;1,690075;1,6554802;1,6634648;2,6314862;2,6452414;16,19351795;48,0
2002-08-09;49,74;51,57;55,97;49,69;64,63;50,58;1,63217;1,6400424;1,5930878;1,6007714;2,5268236;2,540032;16,60349206;48,0
2002-08-16;51,05;52,85;55,98;50,64;65,51;51,84;1,6353378;1,6432252;1,59902;1,6067324;2,5042844;2,5173746;16,54153885;48,0
2002-08-23;50,62;48,96;55,06;51,05;65,01;50,29;1,6278822;1,6357336;1,5944528;1,6021432;2,4904936;2,5035118;16,12739319;48,0
2002-08-30;49,74;50,54;55,91;51,06;65,26;50,35;1,62642025;1,63426475;1,5839645;1,59160425;2,479004;2,491962;16,27631545;48,0
2002-09-06;50,13;50,44;55,81;50,19;65,22;50,56;1,6188378;1,6266456;1,6024854;1,6102146;2,5188338;2,5320002;16,69266762;46,0
2002-09-13;49,89;49,75;56,9;48,23;65,11;50,19;1,6425796;1,650502;1,6099972;1,6177626;2,5589528;2,5723288;16,91737562;46,0
2002-09-20;49,7;50,33;59,41;51,35;65,24;50,28;1,6600688;1,6680754;1,615796;1,6235892;2,5640862;2,5774892;17,16953071;46,0
2002-09-27;50,52;50,69;59,61;50,93;65,01;50,97;1,6494128;1,6573684;1,617876;1,6256792;2,5661052;2,5795188;17,06246551;46,0
2002-10-04;50,55;53,66;60,74;53,91;64,81;51,76;1,6445844;1,6525164;1,6187218;1,6265292;2,5744124;2,5878694;16,98955404;46,0
2002-10-11;50,14;50,37;59,32;53,64;64,75;50,57;1,6379556;1,6458558;1,6102332;1,6179998;2,5591194;2,5724962;16,71869365;46,0
2002-10-18;50,23;49,84;58,32;51,81;64,51;50,43;1,6373954;1,6452928;1,6099424;1,6177076;2,5475368;2,5608534;16,65338584;46,0
2002-10-25;50,28;49,22;56,69;52,73;64,26;50,11;1,6539852;1,6619624;1,6125374;1,620315;2,5579834;2,5713544;16,97888642;46,0
2002-11-01;49,37;49,6;55,79;51,84;63,66;49,72;1,66832925;1,67637575;1,636787;1,64468125;2,5949525;2,608517;17,41416927;46,0
2002-11-08;49,52;49,51;53,78;50,54;62,81;49,85;1,6491256;1,6570796;1,6452656;1,6532012;2,575145;2,5886058;16,63238915;46,0
2002-11-15;47,75;46,89;53,22;48,89;61,65;47,74;1,6181128;1,6259174;1,6340582;1,6419394;2,5681102;2,5815342;16,47764439;46,0
2002-11-22;46,96;46,53;52,07;47,16;61,61;47,1;1,5816566;1,589285;1,5906978;1,5983702;2,496906;2,5099578;16,24448621;46,0
2002-11-29;47,36;46,82;50,84;47,24;57,88;47,46;1,554956;1,5624558;1,5460552;1,5535118;2,4298182;2,4425194;15,67858806;46,0
2002-12-06;46,37;45,95;52,51;47,24;60,07;46,67;1,52393467;1,53128467;1,51403867;1,521341;2,369369;2,381754;16,29922607;44,0
2002-12-13;47,08;46,72;51,25;46,38;59,17;47,2;1,5470062;1,5544676;1,5596338;1,567156;2,434263;2,4469872;16,43443121;44,0
2002-12-20;46,87;45,68;52,89;44,22;58,9;46,73;1,5712514;1,57883;1,6119866;1,6197616;2,50639;2,5194914;17,92077791;44,0
2002-12-27;46,89;46,81;51,1;45,92;59,52;47,12;1,6446976;1,6526302;1,6944956;1,7026686;2,6271204;2,640853;18,53757069;44,0
2003-01-03;47,71;47,82;49,43;45,97;50,7;47,96;1,64347275;1,6513995;1,71561375;1,7238885;2,63699425;2,65077825;18,56368031;44,0
2003-01-10;47,24;46,75;51,53;49,27;59,16;47,27;1,662648;1,6706672;1,7352172;1,7435864;2,6666242;2,6805632;18,98813447;44,0
2003-01-17;47,75;46,5;51,01;47,01;58,92;47,5;1,6571604;1,665153;1,74764;1,7560688;2,6573444;2,671235;19,15328;44,0
2003-01-24;47,28;47,7;51,77;49,32;58,85;47,57;1,6572026;1,6651954;1,7698324;1,7783686;2,6715658;2,6855304;19,62026155;44,0
2003-01-31;47,46;47,29;51,83;48,31;58,43;47,6;1,6510294;1,6589926;1,7861634;1,7947784;2,704639;2,7187766;19,45866997;44,0
2003-02-07;48,16;48,45;51,33;49,37;58,5;48,32;1,6329498;1,6408258;1,7662212;1,77474;2,6877216;2,7017708;19,34609285;44,0
2003-02-14;47,04;49,06;50,23;48,46;56,29;47,38;1,62526;1,633099;1,751705;1,760154;2,644372;2,658195;18,60326528;44,0
2003-02-21;48,2;48,45;48,7;45,87;49,04;48,29;1,6245238;1,6323592;1,7445102;1,7529242;2,6034352;2,6170438;18,29805406;44,0
2003-02-28;48,41;47,26;49,26;47,2;48,94;48,17;1,6118132;1,6195874;1,7386944;1,7470802;2,5503564;2,5636876;17,92152702;44,0
2003-03-07;49,26;47,26;49,97;47,62;49,33;48,85;1,6128446;1,6206238;1,7552626;1,7637286;2,5581296;2,5715014;18,22734332;44,0
2003-03-14;48,06;44,78;47,17;48,29;46,81;47,04;1,6097278;1,6174918;1,7723382;1,7808866;2,5817268;2,595222;17,61356145;44,0
2003-03-21;47,8;45,05;46,5;50,19;46,33;46,84;1,668402;1,6764492;1,7821364;1,790732;2,6237408;2,6374554;18,15267803;44,0
2003-03-28;48,65;45,26;47,24;50,82;46,87;47,41;1,7200072;1,7283032;1,8337272;1,8425714;2,7028116;2,7169396;18,14640735;44,0
2003-04-04;48,57;45,6;48,95;47,05;46,74;47,31;1,6921546;1,7003162;1,8301928;1,8390202;2,6578712;2,6717644;17,36656816;44,0
2003-04-11;47,9;46,33;47,49;49,52;47,93;47,3;1,6422706;1,6501916;1,7583;1,7667806;2,5567792;2,570144;17,36829627;44,0
2003-04-18;48,1;46,5;47,58;47,64;49,66;47,5;1,617628;1,6254302;1,7475516;1,7559804;2,544737;2,5580388;16,7449727;44,0
2003-04-25;47,62;46,13;48,03;47,32;51,0;47,17;1,5921625;1,5998415;1,74153875;1,7499385;2,51197625;2,52510675;17,10850537;44,0
2003-05-02;44,82;43,3;44,92;45,95;47,9;44,26;1,5733046;1,5808928;1,7398488;1,7482402;2,5079424;2,5210522;16,86988478;41,0
2003-05-09;44,61;43,2;44,89;45,97;52,17;44,15;1,5251298;1,5324858;1,7253186;1,73364;2,4489416;2,4617428;16,83075186;41,0
2003-05-16;44,56;42,74;45,09;45,85;48,12;43,91;1,4873592;1,494533;1,7125278;1,7207874;2,394972;2,4074908;17,10755693;41,0
2003-05-23;44,55;43,0;45,22;47,3;48,22;44,08;1,47116125;1,47825675;1,70878375;1,71702525;2,4012865;2,41383875;17,25595674;41,0
2003-05-30;43,85;42,55;44,74;44,89;48,22;43,51;1,4469472;1,453926;1,7071012;1,7153346;2,3710346;2,3834286;16,73844707;41,0
2003-06-06;42,47;42,83;42,41;45,13;45,65;42,6;1,4241622;1,4310314;1,6714204;1,6794818;2,3308076;2,3429912;16,71087137;41,0
2003-06-13;41,44;40,26;42,43;42,32;44,54;41,2;1,4157098;1,422538;1,6633596;1,671382;2,3517128;2,3640056;16,33298114;41,0
2003-06-20;40,54;39,83;40,38;41,84;42,65;40,31;1,4111044;1,4179106;1,6611286;1,6691404;2,3661718;2,3785404;16,37874773;41,0
2003-06-27;39,77;40,23;41,2;43,28;42,29;39,95;1,4248988;1,4317714;1,6469126;1,6548558;2,3745232;2,3869352;15,63884331;41,0
2003-07-04;40,58;40,91;43,59;43,61;44,59;40,83;1,4040804;1,4108524;1,6120496;1,6198248;2,3265764;2,3387378;15,76960039;38,0
2003-07-11;40,74;40,62;41,12;44,2;44,24;40,73;1,3992932;1,4060422;1,590912;1,5985852;2,301816;2,313848;15,49209444;38,0
2003-07-18;39,41;40,28;42,3;42,12;43,66;39,77;1,3790386;1,3856898;1,5524536;1,5599414;2,2209422;2,2325516;15,65336741;38,0
2003-07-25;38,72;37,93;39,41;40,83;41,1;38,47;1,3943116;1,4010366;1,5819432;1,5895732;2,229891;2,2415472;16,45053231;38,0
2003-08-01;37,84;37,84;39,88;40,57;40,42;37,91;1,4166796;1,4235124;1,6209204;1,6287384;2,2939264;2,3059172;15,9854155;35,0
2003-08-08;36,53;36,66;36,95;39,95;40,22;36,61;1,408493;1,4152862;1,5937608;1,6014476;2,2670048;2,2788546;16,0911384;35,0
2003-08-15;34,92;35,41;36,59;38,41;38,9;35,2;1,3952284;1,4019578;1,5771678;1,5847748;2,2397808;2,2514884;16,21215767;35,0
2003-08-22;35,18;34,81;36,57;37,89;37,52;35,12;1,3923778;1,3990934;1,5506782;1,5581572;2,21465;2,2262264;16,14522586;35,0
2003-08-29;33,9;35,01;35,45;38,9;39,17;34,3;1,3893686;1,3960698;1,5112666;1,5185558;2,1828956;2,194306;16,88935045;35,0
2003-09-05;33,85;34,2;35,35;39,19;38,94;34,01;1,3869334;1,3936228;1,5084314;1,5157068;2,1791936;2,1905844;16,69201657;32,0
2003-09-12;33,94;33,67;37,51;37,1;37,5;34,07;1,3787776;1,3854276;1,5322678;1,539658;2,188231;2,1996692;16,58696239;32,0
2003-09-19;31,95;33,37;34,44;34,44;36,91;32,42;1,3684044;1,3750046;1,5366614;1,5440728;2,1898234;2,2012698;16,75294384;32,0
2003-09-26;30,35;31,82;33,27;33,82;32,4;30,86;1,3558274;1,3623666;1,5509302;1,5584106;2,2323588;2,2440278;16,75798829;32,0
2003-10-03;30,9;31,83;33,43;33,84;33,72;31,21;1,3824854;1,3891534;1,6024094;1,610138;2,2960368;2,3080388;16,55133937;29,0
2003-10-10;29,67;30,63;31,57;37,34;32,66;30,08;1,3742616;1,38089;1,6130022;1,6207818;2,2908128;2,3027872;16,51243401;29,0
2003-10-17;28,55;28,93;29,87;31,87;30,22;28,69;1,3986862;1,4054322;1,6342628;1,6421452;2,3279464;2,3401148;17,28428958;29,0
2003-10-24;28,12;27,77;28,34;28,59;29,43;28,03;1,453856;1,4608682;1,698095;1,7062852;2,4398252;2,4525788;18,49142887;29,0
2003-10-31;28,42;27,53;28,09;29,47;28,0;28,14;1,4908505;1,498041;1,7515535;1,76000175;2,528283;2,54149875;18,30894995;29,0
2003-11-07;28,0;28,89;27,97;30,38;27,31;28,26;1,4750844;1,4821988;1,6991462;1,7073414;2,481468;2,4944394;18,38096119;26,0
2003-11-14;27,62;28,48;27,78;29,22;27,31;27,86;1,4833936;1,4905484;1,7113324;1,7195864;2,478398;2,491353;18,79619291;26,0
2003-11-21;28,48;29,07;27,83;28,95;29,67;28,64;1,4619606;1,469012;1,731425;1,739776;2,4761476;2,4890908;18,72522817;26,0
2003-11-28;28,97;27,0;27,48;27,66;28,16;28,17;1,464763;1,471828;1,741164;1,749562;2,493197;2,506229;18,70304737;26,0
2003-12-05;28,43;27,38;27,47;27,93;29,12;28,1;1,4512738;1,4582736;1,7450124;1,7534288;2,4998296;2,5128968;18,8861089;26,0
2003-12-12;28,71;29,0;27,6;28,07;26,91;28,73;1,4343222;1,4412402;1,74754;1,7559688;2,489081;2,502092;18,92161458;26,0
2003-12-19;28,04;27,16;27,04;28,21;28,17;27,77;1,4251334;1,4320068;1,754514;1,7629764;2,4945616;2,5076012;18,81518114;26,0
2003-12-26;28,08;26,86;28,14;27,41;27,97;27,69;1,420992;1,4278456;1,7652644;1,7737784;2,5103208;2,5234426;18,72999613;26,0
2004-01-02;28,57;27,37;27,98;27,89;27,52;28,09;1,4010865;1,407844;1,753111;1,7615665;2,48849625;2,501504;18,59301466;26,0
2004-01-09;27,53;25,68;25,93;26,77;25,51;26,81;1,3698058;1,3764126;1,733737;1,7420992;2,4748076;2,4877438;18,47619813;26,0
2004-01-16;26,47;26,36;25,28;25,25;25,15;26,38;1,3388404;1,3452978;1,705077;1,7133008;2,4622202;2,4750906;17,77421873;26,0
2004-01-23;25,53;25,2;25,01;26,35;26,47;25,42;1,3330296;1,3394588;1,6708516;1,6789104;2,4182384;2,4308792;17,37020602;26,0
2004-01-30;25,76;25,56;25,08;26,12;25,05;25,67;1,3220358;1,3284122;1,6629508;1,6709714;2,4140272;2,4266458;17,3232595;26,0
2004-02-06;24,86;25,97;25,85;25,38;26,89;25,14;1,329162;1,335573;1,658389;1,6663875;2,4209305;2,4335855;17,32099448;26,0
2004-02-13;23,84;24,53;24,96;25,15;25,11;24,05;1,3326852;1,3391128;1,6935746;1,7017428;2,48489;2,497879;17,23100776;26,0
2004-02-20;23,45;23,9;24,02;24,18;24,78;23,6;1,3157342;1,3220802;1,6842838;1,6924072;2,4942562;2,507294;16,99513059;26,0
2004-02-27;23,37;23,36;23,67;23,87;24,12;23,38;1,3209366;1,3273076;1,6617752;1,66979;2,4736946;2,4866252;16,90342219;26,0
2004-03-05;23,03;23,54;24,25;23,5;24,59;23,2;1,3199472;1,3263136;1,6272574;1,635106;2,4397222;2,452475;16,9729096;24,0
2004-03-12;22,84;23,64;23,98;23,69;24,25;23,08;1,3158768;1,3222234;1,6182362;1,6260412;2,4029434;2,4155042;16,76339926;24,0
2004-03-19;22,25;22,89;23,31;24,37;23,33;22,49;1,3150854;1,3214282;1,6148118;1,6226002;2,3804926;2,3929358;17,44273328;24,0
2004-03-26;21,48;22,57;23,08;23,4;22,39;21,79;1,3140046;1,3203422;1,6130276;1,6208074;2,4078608;2,420447;17,90671035;24,0
2004-04-02;21,05;22,55;22,76;22,34;22,41;21,5;1,3114268;1,317752;1,59987;1,6075866;2,3942948;2,4068104;17,60751695;22,0
2004-04-09;21,06;21,79;22,7;22,38;22,4;21,36;1,3138284;1,3201652;1,595508;1,6032032;2,4110598;2,4236626;17,92845011;22,0
2004-04-16;21,29;21,74;21,86;21,76;21,81;21,42;1,3463072;1,3528006;1,6161428;1,6239376;2,445011;2,4577914;17,50942213;22,0
2004-04-23;21,42;21,32;21,97;21,35;22,34;21,4;1,36139925;1,3679655;1,62595125;1,6337935;2,43828175;2,451027;17,55965751;22,0
2004-04-30;21,54;21,64;22,47;22,18;21,89;21,59;1,4030828;1,40985;1,6641022;1,6721284;2,4940308;2,5070674;17,64033659;22,0
2004-05-07;21,39;21,87;22,09;21,95;21,95;21,52;1,4385322;1,4454704;1,7325542;1,7409104;2,5647794;2,5781858;18,41905983;22,0
2004-05-14;21,59;21,48;22,05;20,87;21,82;21,57;1,519173;1,5265002;1,8061884;1,8149;2,692662;2,706737;18,52519587;22,0
2004-05-21;21,71;22,26;22,27;21,72;21,96;21,84;1,536646;1,54405725;1,834383;1,84323075;2,70939125;2,723554;19,12138646;22,0
2004-05-28;21,38;21,8;21,76;21,92;24,83;21,51;1,5212792;1,5286164;1,835701;1,8445548;2,7442198;2,7585644;18,98480365;22,0
2004-06-04;21,15;21,58;21,55;22,16;21,69;21,29;1,498878;1,5061072;1,8348632;1,8437128;2,7531812;2,7675724;18,70307952;22,0
2004-06-11;21,93;21,8;22,24;22,36;22,14;21,9;1,4807538;1,4878958;1,8097542;1,818483;2,7185098;2,7327198;18,53329786;22,0
2004-06-18;21,54;21,87;22,89;21,41;22,29;21,66;1,4936188;1,5008228;1,7977106;1,8063814;2,7195506;2,7337662;18,83815606;22,0
2004-06-25;21,61;22,04;22,39;22,17;22,93;21,74;1,482983;1,4901356;1,7926576;1,8013038;2,7040896;2,7182242;19,24198069;22,0
2004-07-02;21,71;22,03;22,74;22,22;23,12;21,85;1,4808004;1,4879426;1,7993798;1,8080584;2,6926354;2,7067102;18,4777269;22,0
2004-07-09;21,67;22,65;22,31;21,84;22,66;21,95;1,439617;1,4465604;1,7695026;1,7780374;2,6438324;2,6576524;18,89689708;22,0
2004-07-16;21,6;22,32;22,59;21,67;22,85;21,78;1,4328542;1,439765;1,7740544;1,7826108;2,6589978;2,6728968;18,64456516;22,0
2004-07-23;21,88;22,45;22,23;22,35;22,86;22,04;1,4378762;1,4448114;1,776684;1,7852532;2,6664708;2,6804088;18,38969012;22,0
2004-07-30;21,58;21,68;22,86;22,32;22,21;21,65;1,4724168;1,4795186;1,7843876;1,7929942;2,695271;2,7093596;18,39915691;22,0
2004-08-06;21,4;21,72;22,22;21,74;23,46;21,51;1,464132;1,4711938;1,7630058;1,771509;2,665912;2,6798472;18,67228956;22,0
2004-08-13;21,15;21,71;22,23;21,59;23,17;21,35;1,4504676;1,4574634;1,7722742;1,7808222;2,6567504;2,6706376;18,75817304;22,0
2004-08-20;20,82;22,24;22,82;22,54;23,43;21,23;1,4570244;1,4640518;1,7946806;1,8033366;2,665885;2,67982;19,61332824;22,0
2004-08-27;21,07;21,79;21,94;21,49;21,92;21,27;1,4918786;1,4990742;1,8175824;1,8263488;2,6966246;2,7107202;19,63756026;22,0
2004-09-03;20,83;21,87;22,35;21,22;23,11;21,13;1,49944375;1,50667575;1,819574;1,82835025;2,6917265;2,7057965;19,40472375;22,0
2004-09-10;20,66;21,87;21,79;21,39;21,68;21,08;1,4973204;1,504542;1,8140768;1,8228264;2,665861;2,6797958;19,31562841;22,0
2004-09-17;20,43;21,34;21,74;20,51;21,39;20,72;1,4904374;1,497626;1,8218762;1,8306634;2,6694694;2,683423;19,79851333;22,0
2004-09-24;20,35;21,46;22,2;20,2;22,15;20,73;1,5106144;1,5179002;1,8480198;1,856933;2,707236;2,7213874;19,60454787;22,0
2004-10-01;20,4;21,14;21,07;20,77;21,84;20,65;1,4936918;1,5008962;1,8382368;1,8471028;2,6955468;2,7096368;20,30481686;20,0
2004-10-08;20,09;21,8;20,98;21,3;21,56;20,56;1,4992568;1,5064878;1,8474792;1,8563898;2,6787346;2,692737;20,24927966;20,0
2004-10-15;20,13;21,81;22,15;20,52;22,76;20,62;1,4866404;1,4938108;1,8348704;1,8437202;2,663573;2,677496;19,94560807;20,0
2004-10-22;20,16;21,57;21,28;21,73;22,91;20,58;1,475972;1,4830908;1,847166;1,8560752;2,6661896;2,6801262;20,13488601;20,0
2004-10-29;20,29;21,24;21,82;22,22;21,56;20,6;1,4722295;1,4793305;1,87654025;1,88559125;2,7018875;2,71601075;20,21975196;20,0
2004-11-05;20,01;21,4;21,24;20,87;22,85;20,38;1,465792;1,4728618;1,8704866;1,8795082;2,6941048;2,7081876;20,32645714;20,0
2004-11-12;21,56;21,64;22,15;20,87;21,07;21,6;1,451773;1,4587752;1,8744668;1,8835076;2,686087;2,7001276;20,42969627;20,0
2004-11-19;20,31;21,7;23,24;20,76;21,68;20,77;1,44449233;1,45145933;1,87690633;1,885959;2,67627567;2,690265;20,70962691;20,0
2004-11-26;20,19;21,89;22,07;21,72;20,61;20,72;1,429554;1,4364492;1,8709524;1,8799764;2,6691124;2,6830644;20,63106977;20,0
2004-12-03;20,34;21,4;21,79;20,82;21,64;20,62;1,4191162;1,4259608;1,8845182;1,8936076;2,705589;2,7197316;20,47889064;20,0
2004-12-10;20,5;21,08;21,35;20,41;21,4;20,66;1,403027;1,409808;1,8744184;1,883447;2,7109386;2,7251164;20,03250003;20,0
2004-12-17;20,41;20,94;21,44;20,86;22,05;20,64;1,41598;1,4228;1,88448;1,89356;2,72624;2,7405;19,86855373;20,0
2004-12-24;19,7;20,31;20,59;20,93;20,53;19,95;1,38836;1,39506;1,85686;1,8658;2,6817;2,69572;19,3915224;20,0
2004-12-31;19,55;20,27;20,69;20,44;20,32;19,92;1,35076;1,35728;1,83512;1,84396;2,60142;2,61502;18,91216226;20,0
2005-01-07;19,09;19,45;20,04;20,49;20,26;19,28;1,35896;1,36552;1,82046;1,82924;2,57734;2,59082;18,70924604;18,0
2005-01-14;18,63;19,02;19,34;18,31;19,77;18,8;1,37028;1,37688;1,80344;1,81212;2,57354;2,587;18,30945632;18,0
2005-01-21;18,35;19,38;19,9;19,72;18,04;18,77;1,33923333;1,34566667;1,7525;1,76093333;2,50053333;2,5136;18,46465602;18,0
2005-01-28;18,21;18,49;19,04;19,53;19,54;18,37;1,33164;1,33804;1,73742;1,7458;2,4975;2,51054;18,22966621;18,0
2005-02-04;18,26;18,67;18,5;19,07;19,67;18,42;1,32406;1,33046;1,72572;1,73404;2,49404;2,50708;17,39599092;17,0
2005-02-11;18,03;18,55;19,46;18,19;18,71;18,26;1,31968;1,32604;1,69296;1,7011;2,46104;2,4739;17,81855461;17,0
2005-02-18;17,9;18,43;18,73;18,1;18,57;18,11;1,30836;1,31466;1,6984;1,7066;2,4634;2,47628;17,88212178;17,0
2005-02-25;17,87;17,78;18,62;17,47;17,21;17,86;1,29656;1,30282;1,70554;1,71376;2,46646;2,47936;18,00088986;17,0
2005-03-04;17,26;17,66;18,27;16,75;18,3;17,45;1,2784;1,28458;1,6853;1,69344;2,44756;2,46036;17,59121347;16,5
2005-03-11;17,27;17,24;17,82;17,45;17,5;17,27;1,26324;1,26932;1,67674;1,68482;2,4242;2,43688;18,07366436;16,5
2005-03-18;17,04;16,91;17,04;16,91;15,35;16,99;1,29234;1,2986;1,73048;1,7388;2,48138;2,49434;18,49521852;16,5
2005-03-25;16,37;17,03;18,75;16,93;16,5;16,69;1,33502;1,34144;1,7553;1,76376;2,52744;2,54064;18,4622759;16,5
2005-04-01;15,65;17,21;18,32;17,99;16,4;16,33;1,36074;1,3673;1,76142;1,76992;2,54888;2,5622;18,4828154;15,5
2005-04-08;16,18;17,02;18,38;16,83;19,44;16,61;1,34952;1,35604;1,74;1,7484;2,53566;2,5489;18,46265817;15,5
2005-04-15;16,24;16,75;17,02;16,25;17,56;16,43;1,34194;1,34842;1,73294;1,7413;2,52994;2,54314;18,60630738;15,5
2005-04-22;16,35;16,78;16,87;16,86;15,72;16,53;1,36466;1,37122;1,7727;1,78126;2,59678;2,61036;18,88287695;15,5
2005-04-29;16,31;16,85;17,53;17,3;15,68;16,52;1,3594;1,36594;1,76402;1,77254;2,59186;2,6054;19,37701383;15,5
2005-05-06;16,43;16,92;17,64;16,8;15,97;16,66;1,36178;1,36836;1,7593;1,76782;2,59024;2,60376;18,42897029;15,0
2005-05-13;16,03;17,02;17,69;17,01;16,38;16,49;1,353;1,35952;1,73926;1,74766;2,54644;2,55974;18,49953958;15,0
2005-05-20;15,96;16,79;17,66;16,75;16,69;16,33;1,370775;1,377375;1,731075;1,739425;2,524625;2,5378;18,39632925;15,0
2005-05-27;16,0;17,05;17,77;15,46;16,5;16,4;1,37486;1,38148;1,72946;1,73782;2,51486;2,528;18,46342464;15,0
2005-06-03;15,83;17,19;16,9;17,03;17,06;16,36;1,35856;1,36512;1,68272;1,69082;2,4707;2,48362;18,51061229;14,5
2005-06-10;15,83;16,85;17,52;16,83;16,5;16,29;1,35728;1,36382;1,66694;1,67498;2,47732;2,49026;18,6643234;14,5
2005-06-17;15,71;16,81;17,08;15,45;16,35;16,16;1,36424;1,37082;1,65284;1,66082;2,47348;2,4864;18,99172571;14,5
2005-06-24;15,99;16,86;18,16;16,13;16,59;16,4;1,35234;1,35886;1,642;1,64992;2,46418;2,47704;19,03071492;14,5
2005-07-01;16,19;16,92;18,1;18,88;17,21;16,69;1,34186;1,34834;1,62286;1,63068;2,43582;2,44854;18,31964168;14,25
2005-07-08;15,78;16,8;18,49;16,61;16,4;16,39;1,3411;1,34756;1,60336;1,61108;2,35866;2,371;18,24225644;14,25
2005-07-15;15,53;16,57;17,59;16,23;16,68;16,0;1,33298;1,3394;1,60896;1,6167;2,33842;2,35064;17,98790545;14,25
2005-07-22;15,94;16,52;17,46;15,63;15,22;16,22;1,32452;1,33092;1,60038;1,6081;2,31374;2,32584;18,21928795;14,25
2005-07-29;15,83;16,73;17,4;16,33;15,94;16,25;1,33212;1,33854;1,6065;1,61422;2,32002;2,33214;18,22171211;14,25
2005-08-05;15,75;17,0;17,29;16,93;15,81;16,27;1,31522;1,32156;1,60824;1,616;2,3263;2,33844;18,43062927;14,25
2005-08-12;15,67;16,65;17,25;15,68;16,1;16,12;1,31388;1,32022;1,62746;1,6353;2,34966;2,36194;19,29343796;14,25
2005-08-19;15,64;16,85;16,74;15,86;15,3;16,16;1,34904;1,35556;1,66544;1,67348;2,44062;2,45338;19,21569906;14,25
2005-08-26;15,79;16,66;17,11;17,1;15,95;16,22;1,36226;1,36884;1,66462;1,67264;2,44816;2,46096;19,05310695;14,25
2005-09-02;15,63;16,99;17,11;15,33;16,5;16,22;1,346375;1,35285;1,656275;1,66425;2,423825;2,4365;19,00844731;14,25
2005-09-09;15,84;16,77;17,18;15,7;15,92;16,22;1,32886;1,33526;1,66056;1,66858;2,44618;2,45898;19,22111486;14,25
2005-09-16;15,95;16,78;16,71;15,74;16,41;16,3;1,3309;1,3373;1,6376;1,6455;2,42676;2,43944;19,80048738;14,25
2005-09-23;15,87;17,04;17,88;16,25;16,02;16,42;1,3344;1,34082;1,62776;1,6356;2,40928;2,42188;20,00678136;14,25
2005-09-30;16,31;16,45;17,31;16,3;16,26;16,4;1,34002;1,3465;1,61528;1,62308;2,37352;2,38594;20,20006812;14,25
2005-10-07;15,7;16,94;17,75;15,39;15,75;16,35;1,34612;1,3526;1,61298;1,62078;2,37034;2,38274;20,56192959;14,25
2005-10-14;15,67;16,67;17,46;15,8;15,92;16,15;1,3467;1,3532;1,62366;1,6315;2,36214;2,37448;20,55568029;14,25
2005-10-21;15,49;16,29;16,75;15,45;14,97;15,84;1,35982;1,36638;1,6296;1,63746;2,38674;2,39922;20,43022084;14,25
2005-10-28;15,56;16,62;16,84;15,97;16,57;16,08;1,35294;1,35944;1,6286;1,63644;2,40206;2,41462;20,4386154;14,25
2005-11-04;15,65;16,58;16,97;15,85;15,28;16,14;1,3441;1,3506;1,62163333;1,62946667;2,38886667;2,40136667;19,76967089;14,0
2005-11-11;15,22;16,45;16,37;15,28;15,71;15,78;1,35392;1,36044;1,6;1,60772;2,36574;2,3781;20,51909515;14,0
2005-11-18;15,39;16,14;17,01;15,67;15,46;15,77;1,3548;1,3613;1,58512;1,59276;2,3476;2,35988;21,31531804;14,0
2005-11-25;15,28;16,24;16,48;15,79;15,48;15,73;1,35784;1,3644;1,59692;1,60462;2,33222;2,34442;21,5419165;14,0
2005-12-02;15,26;16,37;16,4;15,54;15,67;15,76;1,35128;1,35778;1,58984;1,59754;2,32558;2,33774;21,97163534;13,75
2005-12-09;15,01;16,05;16,28;16,11;15,38;15,5;1,3507;1,3572;1,58616;1,5938;2,34258;2,3548;22,9420799;13,75
2005-12-16;15,11;16,29;16,38;15,43;15,72;15,63;1,3434;1,34988;1,6026;1,61034;2,37172;2,3841;21,77420564;13,75
2005-12-23;15,3;16,21;16,58;16,21;15,53;15,68;1,34404;1,35054;1,6043;1,61206;2,36172;2,37406;21,70956978;13,75
2005-12-30;15,26;16,47;17,43;16,73;15,63;15,92;1,34288;1,34938;1,59384;1,60154;2,32592;2,3381;22,21869695;13,75
2006-01-06;14,59;16,45;16,5;15,66;16,09;15,5;1,33786;1,34432;1,59774;1,60548;2,32288;2,33502;23,00764685;13,5
2006-01-13;14,620000000000001;16,02;16,36;15,58;15,530000000000001;15,335;1,3284;1,3348;1,6073;1,6151;2,3306;2,3428;23,878472;13,5
2006-01-20;14,65;15,59;16,22;15,5;14,97;15,17;1,32886;1,33526;1,60902;1,61678;2,3412;2,35344;23,66037902;13,5
2006-01-27;14,38;15,7;15,81;15,03;15,39;14,99;1,32012;1,3265;1,61472;1,6225;2,34884;2,36112;23,68944169;13,5
2006-02-03;14,31;15,68;15,53;16,28;15,27;14,94;1,31982;1,32622;1,59888;1,6066;2,3404;2,35264;24,04255495;13,5
2006-02-10;14,52;15,74;16,23;14,98;16,02;15,13;1,3235;1,3299;1,58798;1,59562;2,3184;2,3305;23,43311826;13,5
2006-02-17;14,3;15,92;15,79;14,93;15,09;15,0;1,32458;1,33098;1,5777;1,58532;2,303;2,31504;23,42844193;13,5
2006-02-24;14,32;15,7;15,76;14,92;15,1;15,0;1,31562;1,32196;1,56718;1,57474;2,29226;2,30426;23,62887258;13,5
2006-03-03;14,3;15,67;15,67;15,0;15,44;14,89;1,30744;1,31374;1,556;1,5635;2,28376;2,2957;23,68249231;13,5
2006-03-10;14,36;15,49;15,21;14,77;16,0;14,85;1,3183;1,32466;1,57752;1,58514;2,29962;2,31162;23,4313154;13,5
2006-03-17;14,26;15,42;15,24;14,34;13,75;14,73;1,33604;1,3425;1,60112;1,60884;2,32184;2,33398;23,58391522;13,5
2006-03-24;14,21;14,84;14,76;14,25;14,88;14,48;1,33058;1,33698;1,61368;1,62146;2,3277;2,33988;24,08451006;13,5
2006-03-31;14,36;15,23;14,76;14,78;15,52;14,75;1,34494;1,35144;1,61774;1,62554;2,34038;2,3526;25,1591732;13,5
2006-04-07;14,15;15,34;15,47;14,56;15,5;14,75;1,33466;1,3411;1,62604;1,63388;2,32746;2,33964;25,17366724;13,5
2006-04-14;14,01;15,16;15,23;14,53;14,95;14,55;1,3353;1,34172;1,6205;1,6283;2,33458;2,34678;25,94161403;13,5
2006-04-21;13,94;15,33;15,0;13,79;14,81;14,52;1,33404;1,34048;1,63406;1,64194;2,3611;2,37342;26,94859438;13,5
2006-04-28;13,86;14,87;14,97;13,87;15,11;14,34;1,31968;1,32608;1,63488;1,64278;2,35462;2,36692;27,6773367;13,5
2006-05-05;13,92;14,94;14,76;14,04;14,68;14,38;1,3145;1,32082;1,65678;1,66478;2,4029;2,41546;28,78273724;13,25
2006-05-12;13,67;15,06;14,64;13,41;15,86;14,34;1,33106;1,33746;1,69432;1,7025;2,47406;2,487;32,07748145;13,25
2006-05-19;13,85;14,86;14,37;14,21;14,39;14,26;1,4269;1,433775;1,8351;1,84395;2,6941;2,7082;31,28694121;13,25
2006-05-26;13,92;14,84;14,55;14,19;14,97;14,3;1,5174;1,52472;1,94248;1,95186;2,8505;2,86538;32,09378107;13,25
2006-06-02;13,76;14,54;14,22;13,85;15,11;14,09;1,54062;1,54802;1,9735;1,98302;2,88008;2,89514;32,38374785;13,25
2006-06-09;14,46;15,17;15,21;14,51;15,91;14,74;1,55076;1,55826;1,99218;2,0018;2,89248;2,90758;29,92219506;13,25
2006-06-16;15,13;15,58;15,77;14,35;15,34;15,31;1,57014;1,5777;1,97952;1,98906;2,89298;2,9081;29,70297359;13,25
2006-06-23;14,87;15,57;15,5;14,43;15,2;15,12;1,61768;1,62548;2,0401;2,04996;2,98142;2,997;31,97519063;13,25
2006-06-30;17,52;17,06;17,39;18,1;17,02;17,34;1,64584;1,65378;2,06706;2,07702;2,99432;3,00996;31,26171975;13,25
2006-07-07;17,13;17,64;17,24;18,0;15,71;17,35;1,56606;1,57364;1,99852;2,00818;2,88124;2,89628;31,46690662;17,25
2006-07-14;17,27;17,3;17,85;16,5;17,6;17,29;1,55156;1,55904;1,97838;1,98792;2,8568;2,87176;33,55471341;17,25
2006-07-21;17,62;18,33;17,44;17,32;15,65;17,92;1,56954;1,57712;1,9737;1,98322;2,8761;2,89112;30,8171336;17,25
2006-07-28;17,46;18,58;18,9;17,09;17,59;17,89;1,52704;1,5344;1,93212;1,94142;2,82684;2,84164;30,32597308;17,25
2006-08-04;17,64;18,3;18,9;17,93;18,41;17,95;1,49192;1,4991;1,90282;1,912;2,78676;2,80132;30,36111545;17,5
2006-08-11;17,52;18,37;18,74;19,94;16,77;17,92;1,4585;1,46554;1,87362;1,88266;2,77464;2,78914;29,30474641;17,5
2006-08-18;17,6;18,32;19,18;16,14;17,06;17,96;1,4473;1,4543;1,84952;1,85844;2,73742;2,75174;28,4838221;17,5
2006-08-25;17,38;18,42;18,65;17,36;16,66;17,84;1,45118;1,45818;1,86334;1,87234;2,74268;2,757;29,68052433;17,5
2006-09-01;17,67;18,52;18,68;18,88;16,72;18,03;1,466725;1,4738;1,87905;1,888125;2,7818;2,796325;29,41937218;17,5
2006-09-08;17,44;18,74;18,57;16,99;17,16;18,03;1,45556;1,46258;1,8656;1,8746;2,75748;2,77188;28,90850421;17,5
2006-09-15;17,58;18,68;18,68;18,11;17,07;18,06;1,46986;1,47696;1,8676;1,87658;2,7523;2,7667;27,19231536;17,5
2006-09-22;17,29;18,46;19,04;16,93;16,97;17,82;1,4634;1,47048;1,85676;1,86572;2,7565;2,7709;28,75580778;17,5
2006-09-29;17,58;19,1;19,07;20,03;17,31;18,27;1,50462;1,51188;1,91756;1,92682;2,85002;2,8649;28,96411246;17,5
2006-10-06;17,77;18,85;18,62;20,08;17,2;18,22;1,49912;1,50636;1,90398;1,91314;2,81596;2,83066;27,53375597;17,5
2006-10-13;17,52;18,86;19,65;17,18;16,79;18,16;1,48752;1,4947;1,87214;1,88118;2,77084;2,78534;27,87018813;17,5
2006-10-20;17,77;18,71;18,8;17,17;16,25;18,18;1,4657;1,47278;1,83818;1,84706;2,73342;2,74772;27,66558882;17,5
2006-10-27;17,55;18,26;18,18;16,86;16,12;17,88;1,4474;1,4544;1,8294;1,8382;2,72445;2,7387;27,774739;17,5
2006-11-03;18,08;19,42;19,11;17,02;18,45;18,58;1,4495;1,4565;1,84438;1,85326;2,75488;2,76926;29,16223967;17,5
2006-11-10;17,83;19,09;19,47;17,85;17,28;18,43;1,44564;1,45262;1,84504;1,85392;2,7524;2,7668;29,18235816;17,5
2006-11-17;18,02;18,84;20,75;17,6;16,04;18,46;1,43996;1,44692;1,84776;1,85666;2,73444;2,74872;28,90118782;17,5
2006-11-24;17,79;18,81;18,93;17,26;15,69;18,21;1,45466;1,46168;1,87014;1,87918;2,76396;2,77842;30,05363053;17,5
2006-12-01;18,06;18,5;18,76;16,69;16,58;18,23;1,46232;1,46936;1,9211;1,93038;2,8405;2,85536;30,25985892;17,5
2006-12-08;17,79;19,48;19,5;18,5;17,05;18,57;1,44034;1,44728;1,91402;1,92324;2,83786;2,8527;28,77403902;17,5
2006-12-15;17,89;18,9;17,81;18,73;16,32;18,33;1,42172;1,42856;1,88204;1,89112;2,78816;2,80272;28,1978605;17,5
2006-12-22;17,92;18,85;17,75;19,37;16,86;18,31;1,42108;1,42794;1,87002;1,87906;2,78704;2,80162;28,4405681;17,5
2006-12-29;18,41;19,79;20,46;18,44;17,1;19,12;1,41858;1,4254;1,8663;1,8753;2,78208;2,79662;28,9621376;17,5
2007-01-05;17,86;18,79;18,51;17,8;17,98;18,28;1,4071;1,4139;1,84925;1,85815;2,74705;2,7614;28,23094362;17,5
2007-01-12;17,96;19,25;18,97;17,59;17,16;18,55;1,43386;1,44078;1,8667;1,87572;2,7794;2,79392;28,88030109;17,5
2007-01-19;18,04;19,09;19,57;18,0;17,05;18,54;1,42194;1,42882;1,83942;1,8483;2,79134;2,80592;28,90207149;17,5
2007-01-26;17,76;18,94;19,17;18,13;16,64;18,3;1,40708;1,41388;1,82674;1,83554;2,77856;2,79308;29,69798219;17,5
2007-02-02;18,11;19,06;18,37;18,14;18,08;18,49;1,4162;1,42304;1,83398;1,84282;2,7758;2,7903;29,22011744;17,5
2007-02-09;17,85;18,79;18,7;17,07;16,28;18,26;1,39702;1,40374;1,81284;1,82158;2,74532;2,75968;30,18855387;17,5
2007-02-16;17,85;18,65;19,14;17,2;15,41;18,24;1,39364;1,40036;1,81734;1,82612;2,71686;2,73108;29,81756207;17,5
2007-02-23;17,92;18,69;19,0;18,72;16,9;18,29;1,3781;1,38472;1,80934;1,81804;2,68606;2,7001;30,32492577;17,5
2007-03-02;17,84;18,95;18,31;17,87;16,43;18,31;1,39388;1,4006;1,83772;1,8466;2,73232;2,74658;29,64064712;17,5
2007-03-09;17,91;18,65;17,98;17,55;16,03;18,21;1,42826;1,43514;1,8761;1,88514;2,75848;2,77292;29,34882958;17,5
2007-03-16;17,85;18,49;17,78;17,2;15,39;18,1;1,40804;1,41482;1,85572;1,86466;2,71804;2,73228;29,55188469;17,5
2007-03-23;17,73;18,26;17,99;16,41;17,03;17,96;1,38938;1,39608;1,85002;1,85894;2,71488;2,72908;29,31570724;17,5
2007-03-30;17,71;18,62;18,76;16,9;16,24;18,12;1,38256;1,38924;1,84202;1,8509;2,7142;2,72836;29,61870906;17,5
2007-04-06;17,82;18,57;18,68;18,1;16,39;18,17;1,37304;1,37968;1,83342;1,84228;2,70618;2,7203;29,61623602;17,5
2007-04-13;17,71;18,57;18,85;18,51;17,14;18,07;1,36476;1,37136;1,83134;1,84018;2,69028;2,70434;30,00006096;17,5
2007-04-20;17,73;18,46;17,98;18,91;16,47;18,09;1,3531;1,35962;1,83518;1,84402;2,70178;2,71592;29,82690733;17,5
2007-04-27;17,81;18,34;19,64;18,32;15,85;18,09;1,3309;1,3373;1,811775;1,8205;2,662775;2,6767;29,13989506;17,5
2007-05-04;17,99;18,34;18,31;16,75;16,12;18,13;1,35264;1,35916;1,8412;1,85008;2,6979;2,712;29,8394937;17,5
2007-05-11;17,91;18,64;18,52;17,67;16,78;18,2;1,33556;1,34198;1,81154;1,82028;2,65818;2,67208;28,81752306;17,5
2007-05-18;17,78;18,52;18,54;18,17;15,56;18,1;1,32668;1,3331;1,7959;1,80456;2,62542;2,63918;28,14779311;17,5
2007-05-25;17,44;18,5;17,47;16,97;16,46;17,92;1,31934;1,3257;1,77628;1,78484;2,60666;2,62026;28,05683447;17,5
2007-06-01;17,82;18,25;17,8;17,54;16,3;18,03;1,32112;1,32752;1,77698;1,78556;2,61698;2,63068;28,2438798;17,5
2007-06-08;17,45;18,66;17,88;17,13;16,64;18,03;1,3091;1,3154;1,76512;1,77366;2,6015;2,6151;28,01682158;17,5
2007-06-15;17,7;18,44;18,68;18,84;17,57;18,07;1,33482;1,34126;1,7793;1,7879;2,62784;2,64158;27,54483062;17,5
2007-06-22;17,48;18,4;18,37;16,62;16,77;17,9;1,30232;1,30864;1,74344;1,75186;2,58296;2,59646;27,57001108;17,5
2007-06-29;17,49;18,36;18,87;17,88;18,61;17,93;1,31426;1,3206;1,76722;1,77574;2,62502;2,63876;27,39261934;17,5
2007-07-06;17,59;18,37;18,5;17,69;18,26;17,96;1,2931;1,29934;1,75656;1,76506;2,60188;2,6155;27,15896732;17,5
2007-07-13;17,54;18,55;17,98;18,55;16,97;18,03;1,2838;1,29;1,75644;1,7649;2,59316;2,60672;27,1940425;17,5
2007-07-20;17,46;18,49;18,55;18,38;17,78;17,95;1,26742;1,27352;1,74772;1,75616;2,58788;2,6014;27,86717561;17,5
2007-07-27;17,49;18,35;19,05;18,22;17,23;17,95;1,24942;1,25546;1,72178;1,73006;2,56606;2,57946;27,62501136;17,5
2007-08-03;17,45;18,34;18,73;17,3;17,74;17,9;1,2914;1,29764;1,76592;1,77444;2,61926;2,63296;27,60528688;17,5
2007-08-10;17,38;18,05;18,39;17,34;17,03;17,7;1,26584;1,27194;1,7424;1,7508;2,57032;2,58376;27,93715074;17,5
2007-08-17;17,38;18,32;18,28;17,03;16,74;17,81;1,31664;1,323;1,78542;1,79404;2,63402;2,64778;28,48008458;17,5
2007-08-24;17,55;18,23;18,37;17,32;16,63;17,85;1,34818;1,35468;1,81936;1,82814;2,67696;2,69094;28,22689424;17,5
2007-08-31;17,5;18,17;17,71;17,18;17,38;17,8;1,31865;1,325025;1,797525;1,8062;2,648125;2,661975;28,10331995;17,5
2007-09-07;17,5;18,2;18,36;18,0;16,63;17,83;1,2955;1,30174;1,76568;1,77418;2,6113;2,62494;29,44023287;17,5
2007-09-14;17,39;18,35;17,99;17,36;17,4;17,82;1,28092;1,28708;1,76882;1,77736;2,5965;2,61006;28,62610298;17,5
2007-09-21;17,27;18,18;17,82;18,05;16,72;17,72;1,24864;1,25468;1,7387;1,74706;2,50134;2,5144;28,79406073;17,5
2007-09-28;17,18;18,1;18,44;17,63;17,51;17,64;1,22016;1,22604;1,72174;1,73004;2,46126;2,47412;28,80260061;17,5
2007-10-05;17,18;18,0;18,16;16,9;16,87;17,58;1,2003;1,2061;1,7015;1,7097;2,44378;2,45656;28,10878493;17,25
2007-10-12;16,93;18,11;17,86;16,89;16,41;17,44;1,1816;1,1873;1,665875;1,6739;2,406525;2,419125;28,70006481;17,25
2007-10-19;16,88;17,69;17,33;16,55;16,28;17,3;1,19842;1,20422;1,70114;1,70932;2,44266;2,45542;29,85583142;17,25
2007-10-26;16,63;17,56;17,16;16,66;15,45;17,07;1,20802;1,21384;1,72184;1,73014;2,47034;2,48324;29,97052407;17,25
2007-11-02;16,74;17,33;17,25;16,21;16,08;17,02;1,176875;1,18255;1,696;1,704175;2,432425;2,44515;30,62485349;16,75
2007-11-09;16,56;17,41;16,96;16,64;15,74;16,94;1,1745;1,18016;1,71028;1,71854;2,4551;2,46792;32,08207418;16,75
2007-11-16;16,36;17,25;17,03;16,45;16,89;16,76;1,18682;1,19256;1,73776;1,74616;2,46168;2,47456;29,98343259;16,75
2007-11-23;16,12;17,29;17,11;16,57;15,73;16,71;1,18782;1,19356;1,7501;1,75852;2,44074;2,4535;31,73694878;16,75
2007-11-30;16,43;17,4;16,95;15,95;15,62;16,91;1,1959;1,20166;1,77044;1,77898;2,46852;2,48144;29,79844363;16,75
2007-12-07;16,44;17,32;16,93;16,11;15,73;16,84;1,17438;1,18008;1,72388;1,73216;2,40786;2,42046;29,98546773;16,25
2007-12-14;16,26;17,43;17,65;16,26;15,99;16,82;1,16594;1,17154;1,71104;1,7193;2,37848;2,3909;30,30137132;16,25
2007-12-21;16,28;17,33;17,75;15,93;16,14;16,7;1,18016667;1,18586667;1,7035;1,7117;2,3826;2,39506667;30,83231824;16,25
2007-12-28;16,41;17,66;18,12;17,77;16,53;17,07;1,1759;1,18158;1,69632;1,70452;2,33832;2,35054;31,52468473;16,25
2008-01-04;16,31;17,45;17,68;17,07;17,3;16,9;1,1629;1,1685;1,7098;1,718025;2,313725;2,3258;32,43803278;15,75
2008-01-11;16,26;17,11;17,11;15,89;15,6;16,65;1,15688;1,16248;1,70058;1,7088;2,27834;2,29022;33,18489462;15,75
2008-01-18;15,93;17,06;16,54;16,1;15,59;16,43;1,15534;1,1609;1,70916;1,7174;2,26522;2,27706;33,66185738;15,75
2008-01-25;15,82;16,85;16,34;16,4;15,77;16,27;1,19878;1,20456;1,74644;1,75484;2,34268;2,35494;34,88710047;15,75
2008-02-01;15,85;16,88;16,61;16,35;15,17;16,35;1,17514;1,18082;1,73602;1,74442;2,33306;2,34526;34,0724192;15,5
2008-02-08;15,95;16,85;16,99;16,21;15,22;16,38;1,17184;1,1775;1,7256;1,73392;2,30602;2,3181;36,12378922;15,5
2008-02-15;15,71;16,81;16,3;15,84;15,4;16,21;1,20428;1,2101;1,7524;1,76086;2,35408;2,36638;34,79024249;15,5
2008-02-22;15,73;16,66;16,31;16,4;15,76;16,16;1,19358;1,19932;1,75362;1,76206;2,32968;2,34186;36,42201055;15,5
2008-02-29;15,48;16,88;16,8;15,71;15,34;16,07;1,18702;1,19276;1,77216;1,7807;2,34284;2,35508;38,22558994;15,5
2008-03-07;15,89;16,96;17,25;16,19;15,15;16,4;1,20646;1,21226;1,83596;1,84478;2,39504;2,40754;39,15160507;15,25
2008-03-14;15,75;16,83;16,15;17,33;15,16;16,22;1,2329;1,23888;1,90396;1,91314;2,4892;2,5022;39,82633543;15,25
2008-03-21;15,69;16,72;16,16;15,68;15,75;16,17;1,23618;1,24216;1,93678;1,94612;2,47932;2,49228;36,94605389;15,25
2008-03-28;15,77;16,93;16,57;16,73;15,47;16,29;1,24514;1,25116;1,9406;1,94996;2,48314;2,4961;38,84035241;15,25
2008-04-04;16,02;16,93;16,55;16,65;16,7;16,4;1,29256;1,29882;2,02842;2,03822;2,56512;2,57852;37,95302363;15,25
2008-04-11;15,81;16,93;16,64;16,01;15,32;16,3;1,2874;1,2936;2,02752;2,0373;2,55096;2,56428;38,86524673;15,25
2008-04-18;15,72;16,9;16,74;15,97;16,1;16,24;1,31004;1,31636;2,07846;2,0885;2,58536;2,59886;38,81521052;15,25
2008-04-25;15,61;17,06;16,55;15,76;15,01;16,25;1,306025;1,312325;2,071475;2,08145;2,593175;2,606725;36,53467994;15,25
2008-05-02;15,93;17,12;16,95;16,77;15,53;16,49;1,278;1,28416;1,99178;2,00136;2,529;2,54222;34,75874151;15,25
2008-05-09;15,89;17,45;16,74;16,99;15,22;16,58;1,25326;1,25932;1,93588;1,94522;2,46542;2,47832;35,99145386;15,25
2008-05-16;15,99;17,42;16,81;16,72;15,66;16,66;1,25166;1,25768;1,93568;1,945;2,43826;2,45102;35,6422855;15,25
2008-05-23;16,1;17,59;17,82;18,05;15,15;16,84;1,234725;1,240675;1,9328;1,94215;2,42385;2,436525;37,09757939;15,25
2008-05-30;16,32;17,89;17,13;16,49;15,78;17,1;1,23336;1,23932;1,93662;1,94594;2,43774;2,45046;34,72282848;15,25
2008-06-06;16,36;18,02;17,78;17,08;15,5;17,13;1,22178;1,22768;1,89372;1,90284;2,39568;2,4082;36,12241751;15,75
2008-06-13;16,65;18,16;18,42;16,62;15,94;17,29;1,24132;1,2473;1,9329;1,94224;2,43122;2,44392;35,08668266;15,75
2008-06-20;16,92;18,15;16,63;17,16;15,74;17,47;1,23088;1,23682;1,90268;1,91186;2,40694;2,41952;35,49705286;15,75
2008-06-27;17,08;18,46;17,56;17,68;16,63;17,72;1,21804;1,22392;1,89894;1,9081;2,40014;2,41268;36,62578342;15,75
2008-07-04;17,4;18,82;18,84;20,64;16,59;18,03;1,23012;1,23606;1,94408;1,95346;2,44776;2,46054;36,95511847;16,25
2008-07-11;17,08;18,65;18,91;18,59;16,54;17,87;1,22252;1,22842;1,9183;1,92754;2,41328;2,42588;37,8713453;16,25
2008-07-18;16,97;18,86;18,73;19,64;17,84;17,86;1,21072;1,21656;1,9235;1,9328;2,4154;2,42804;36,47718476;16,25
2008-07-25;17,22;18,46;17,93;19,81;17,23;17,83;1,19034;1,19606;1,88222;1,8913;2,37444;2,38684;36,06894519;16,25
2008-08-01;17,18;18,73;18,22;18,0;16,97;17,87;1,1881;1,19384;1,86302;1,872;2,35938;2,37174;33,82212017;16,75
2008-08-08;16,89;18,33;18,44;19,22;16,85;17,59;1,15296;1,15852;1,78934;1,79798;2,26026;2,27206;32,66466757;16,75
2008-08-15;16,87;18,72;18,54;17,2;16,97;17,77;1,17606;1,18176;1,76126;1,76976;2,236;2,24768;30,00476622;16,75
2008-08-22;16,82;18,94;18,72;18,49;16,77;17,91;1,1823;1,188;1,74148;1,7499;2,20062;2,21214;31,33674625;16,75
2008-08-29;17,01;18,81;18,05;17,51;16,85;17,93;1,1826;1,1883;1,74344;1,75184;2,18196;2,19336;31,60624345;16,75
2008-09-05;16,81;18,84;18,78;17,35;16,86;17,9;1,19082;1,19658;1,73366;1,74204;2,13548;2,14662;31,94580356;16,75
2008-09-12;16,81;18,82;18,14;17,69;16,95;17,75;1,2302;1,23614;1,73956;1,74796;2,16478;2,1761;30,37504074;16,75
2008-09-19;17,2;18,82;18,22;17,34;16,91;17,92;1,26008;1,26616;1,7944;1,80304;2,2577;2,26952;35,05216578;16,75
2008-09-26;17,49;18,97;17,83;17,46;16,45;18,14;1,23706;1,24304;1,80378;1,81248;2,27762;2,28954;34,86942913;16,75
2008-10-03;17,18;18,05;16,37;15,89;16,03;17,56;1,2316;1,2375;1,7978;1,8065;2,2631;2,2749;35,04426103;16,75
2008-10-10;17,63;19,18;18,26;20,26;16,5;18,33;1,35528;1,3618;1,85394;1,86288;2,37148;2,3839;39,0024404;16,75
2008-10-17;17,55;19,0;17,8;17,07;16,59;18,16;1,40978;1,41658;1,91668;1,92592;2,43732;2,45006;37,7209769;16,75
2008-10-24;17,51;19,58;17,7;17,47;16,76;18,38;1,56972;1,5773;2,06426;2,07422;2,64458;2,65842;39,92619725;16,75
2008-10-31;17,81;19,19;18,03;17,64;15,87;18,35;1,63995;1,64785;2,0703;2,080275;2,576925;2,5904;35,80208451;16,75
2008-11-07;18,22;20,46;19,76;18,35;16,58;19,13;1,52448;1,53182;1,95338;1,9628;2,4402;2,45298;36,60911693;16,75
2008-11-14;17,67;20,68;20,11;18,9;19,58;19,25;1,57766;1,58526;2,00278;2,01242;2,4379;2,45066;38,74606944;16,75
2008-11-21;17,87;20,84;19,03;19,11;19,69;19,23;1,65084;1,6588;2,08396;2,094;2,462;2,4749;42,17563951;16,75
2008-11-28;18,12;21,24;20,5;21,55;18,49;19,69;1,59842;1,60614;2,04564;2,0555;2,42166;2,43434;41,08753141;16,75
2008-12-05;18,1;20,97;18,63;19,13;20,85;19,43;1,57558;1,58316;1,99726;2,0069;2,35074;2,36302;38,74845271;16,25
2008-12-12;17,48;19,05;17,34;17,71;17,35;18,21;1,5643;1,5718;1,9919;2,0015;2,2968;2,3088;41,12182372;16,25
2008-12-19;17,88;20,64;20,19;20,25;20,2;19,21;1,54462;1,55206;2,13528;2,14558;2,3492;2,36148;40,98517822;16,25
2008-12-26;17,06;19,61;19,35;19,88;16,82;18,27;1,51124;1,51854;2,1179;2,1281;2,2397;2,25138;42,08530475;16,25
2009-01-02;16,89;19,2;18,68;18,77;17,5;18,05;1,509425;1,5167;2,1332;2,1435;2,204375;2,2159;43,17603491;15,0
2009-01-09;16,31;17,91;17,24;17,82;16,8;17,07;1,52564;1,53302;2,07998;2,09;2,24806;2,25982;42,74704589;15,0
2009-01-16;14,79;16,27;16,15;16,23;16,15;15,47;1,57994;1,58758;2,10888;2,11904;2,33758;2,34982;43,91899397;15,0
2009-01-23;13,58;14,58;13,85;14,49;13,69;14,08;1,63542;1,64332;2,13812;2,14844;2,32516;2,3373;48,19497864;15,0
2009-01-30;13,25;14,18;13,71;16,02;13,84;13,7;1,62866;1,63652;2,12898;2,13926;2,28052;2,29244;48,91832141;15,0
2009-02-06;13,19;14,02;13,5;13,55;13,2;13,6;1,63732;1,64524;2,10296;2,11308;2,34454;2,3568;47,35468994;13,0
2009-02-13;13,04;13,96;13,39;13,09;15,27;13,44;1,62158;1,6294;2,09202;2,10212;2,36674;2,37914;49,89278883;13,0
2009-02-20;12,41;13,44;12,94;12,96;13,03;12,88;1,66578;1,67382;2,11674;2,12696;2,38258;2,39502;54,24124225;13,0
2009-02-27;11,71;12,79;12,26;12,18;12,5;12,2;1,68476;1,69288;2,15076;2,16112;2,42858;2,44128;51,61372828;13,0
2009-03-06;11,92;12,75;12,34;12,4;13,27;12,29;1,71466;1,72294;2,1602;2,1706;2,4235;2,43616;53,78933072;11,5
2009-03-13;11,64;12,73;12,06;11,71;13,6;12,1;1,76574;1,77428;2,24346;2,25428;2,4555;2,46836;50,82932465;11,5
2009-03-20;11,4;12,73;12,06;13,63;12,33;11,98;1,69018;1,69834;2,21382;2,2245;2,38226;2,39472;51,62752352;11,5
2009-03-27;10,97;12,47;11,77;13,8;11,8;11,63;1,66046;1,66846;2,25458;2,26546;2,42182;2,4345;49,49720203;11,5
2009-04-03;11,34;12,64;12,11;12,88;11,96;11,99;1,65454;1,6625;2,19844;2,20904;2,3746;2,38702;45,31263142;10,5
2009-04-10;11,23;12,51;12,04;11,82;12,03;11,89;1,58232;1,58996;2,11274;2,12294;2,33126;2,34342;44,41830503;10,5
2009-04-17;10,93;12,51;11,9;12,06;12,15;11,7;1,57618;1,5838;2,08168;2,0917;2,3347;2,3469;44,94717195;10,5
2009-04-24;10,75;12,12;11,42;11,95;12,11;11,36;1,628075;1,635925;2,113775;2,12395;2,381975;2,39445;47,11012404;10,5
2009-05-01;10,73;12,22;11,56;11,41;12,23;11,38;1,613575;1,621375;2,12215;2,132375;2,35905;2,371375;45,34447287;9,75
2009-05-08;10,74;12,3;11,94;11,9;11,97;11,53;1,56272;1,57024;2,0813;2,09132;2,34346;2,35572;45,24663349;9,75
2009-05-15;10,38;12,22;11,92;12,0;11,94;11,34;1,55328;1,5608;2,10698;2,11714;2,35154;2,36384;46,92777015;9,75
2009-05-22;10,21;12,26;11,8;12,0;11,98;11,19;1,54255;1,55;2,1006;2,11075;2,37415;2,386575;47,56617595;9,75
2009-05-29;10,2;12,14;11,58;11,17;11,26;11,19;1,54666;1,55412;2,15526;2,16566;2,45752;2,47036;48,31186911;9,75
2009-06-05;10,4;12,19;11,52;11,05;11,4;11,2;1,52738;1,53474;2,16446;2,1749;2,49778;2,51084;47,18531627;9,25
2009-06-12;10,44;12,35;12,19;11,17;12,28;11,46;1,54006;1,5475;2,15884;2,16926;2,49028;2,50328;46,22033508;9,25
2009-06-19;10,35;12,44;11,57;11,3;11,89;11,29;1,54158;1,54902;2,14646;2,1568;2,52256;2,53574;46,5667642;9,25
2009-06-26;10,53;12,38;12,29;11,31;11,51;11,42;1,5533;1,56082;2,16658;2,17704;2,54596;2,55926;46,2789975;9,25
2009-07-03;10,68;12,51;11,88;11,34;11,41;11,64;1,5267;1,53408;2,14858;2,15896;2,51694;2,53008;46,00376862;8,75
2009-07-10;10,29;12,2;11,53;11,06;11,5;11,23;1,5382;1,54562;2,14574;2,15608;2,49004;2,50306;45,49389459;8,75
2009-07-17;10,08;11,84;11,29;11,3;11,55;11,04;1,53632;1,54374;2,15134;2,16174;2,5013;2,51438;45,95038906;8,75
2009-07-24;9,84;11,52;11,15;9,82;11,39;10,65;1,5001;1,50732;2,12842;2,13868;2,46292;2,4758;45,1900493;8,75
2009-07-31;9,8;11,33;10,6;11,09;10,93;10,58;1,47438;1,48148;2,09238;2,10246;2,42676;2,43946;45,10334597;8,75
2009-08-07;9,67;11,08;10,74;10,68;10,8;10,37;1,46032;1,46734;2,09012;2,1002;2,45918;2,47202;44,91109367;8,25
2009-08-14;9,39;10,79;10,27;10,11;10,45;10,13;1,47916;1,4863;2,10422;2,11436;2,45112;2,46392;45,3136186;8,25
2009-08-21;9,2;10,55;9,79;9,76;10,75;9,94;1,48882;1,496;2,10894;2,11912;2,44816;2,46094;45,49173663;8,25
2009-08-28;8,8;10,16;9,39;9,52;9,88;9,42;1,48644;1,4936;2,12454;2,13478;2,43312;2,44584;46,00440938;8,25
2009-09-04;8,92;9,93;9,61;8,99;10,04;9,41;1,498;1,50522;2,14168;2,152;2,43534;2,44806;47,6203805;7,75
2009-09-11;8,71;9,95;9,74;9,95;10,13;9,3;1,48734;1,49452;2,14496;2,15532;2,44724;2,46002;48,23386979;7,75
2009-09-18;8,44;9,77;9,7;9,32;10,96;9,15;1,48072;1,48788;2,16694;2,1774;2,45192;2,46472;47,91132434;7,75
2009-09-25;8,15;9,57;9,6;8,92;10,04;8,81;1,47183333;1,47893333;2,1709;2,18136667;2,40103333;2,41356667;47,37549598;7,75
2009-10-02;8,28;9,65;9,44;10,44;10,65;9,04;1,4818;1,48894;2,16634;2,17678;2,365;2,37736;47,90811473;7,25
2009-10-09;8,08;9,29;9,3;9,35;9,47;8,71;1,4695;1,47656;2,15622;2,16664;2,34248;2,35472;49,23865135;7,25
2009-10-16;7,82;9,08;8,74;8,51;10,48;8,45;1,44822;1,45518;2,14576;2,15612;2,30768;2,31976;49,44007256;7,25
2009-10-23;7,56;8,7;8,69;8,4;10,06;8,08;1,4534;1,46042;2,17222;2,18268;2,38592;2,3984;49,88584347;7,25
2009-10-30;7,44;8,65;8,37;7,92;9,51;8,01;1,472275;1,47935;2,201725;2,212325;2,412975;2,4256;50,57890248;7,25
2009-11-06;7,61;8,7;8,4;8,04;10,17;8,13;1,49068;1,49788;2,2031;2,2137;2,45248;2,4653;52,11727809;6,75
2009-11-13;7,39;8,75;8,2;8,08;9,95;8,09;1,46918;1,47628;2,19904;2,20964;2,44792;2,46072;53,04759049;6,75
2009-11-20;7,38;8,79;8,67;8,09;10,67;8,12;1,47484;1,48196;2,19962;2,21022;2,46708;2,47998;55,31877774;6,75
2009-11-27;7,35;8,84;7,72;8,12;9,7;7,98;1,486725;1,493925;2,22395;2,234675;2,46705;2,47995;57,57240811;6,75
2009-12-04;7,37;8,89;8,71;8,41;9,84;8,15;1,489025;1,4962;2,2456;2,25645;2,47645;2,4894;55,52259579;6,5
2009-12-11;7,4;9,06;9,05;8,15;10,44;8,26;1,48908;1,49626;2,20848;2,21912;2,4384;2,45112;53,94265441;6,5
2009-12-18;7,59;9,38;9,19;8,96;11,15;8,45;1,49932;1,50654;2,1852;2,19574;2,43562;2,44836;54,41642781;6,5
2009-12-25;7,72;9,76;8,81;8,41;10,05;8,68;1,51414;1,52144;2,17014;2,18062;2,43068;2,4434;53,61432777;6,5
2010-01-01;7,66;10,01;9,32;8,75;9,63;8,75;1,505;1,512275;2,166775;2,17725;2,401125;2,4137;52,80573441;6,5
2010-01-08;7,81;8,95;8,93;8,06;9,9;8,39;1,47472;1,48184;2,12068;2,13092;2,36798;2,38036;53,25981081;6,5
2010-01-15;7,3;8,69;8,88;8,35;10,32;7,94;1,45096;1,45798;2,09982;2,10994;2,34454;2,35678;52,81237948;6,5
2010-01-22;7,18;8,64;8,79;8,1;10,66;7,82;1,45602;1,46304;2,07792;2,08794;2,37198;2,38438;52,19205591;6,5
2010-01-29;7,39;8,66;8,87;8,95;9,33;7,98;1,48358;1,49074;2,09066;2,10074;2,40126;2,41382;52,03763439;6,5
2010-02-05;7,3;8,74;8,65;8,47;9,91;7,93;1,48182;1,48898;2,06426;2,07422;2,36532;2,37766;52,35087751;6,5
2010-02-12;7,25;8,72;8,61;8,26;9,73;7,97;1,50834;1,51562;2,06986;2,07986;2,35688;2,3692;53,09664674;6,5
2010-02-19;7,16;8,75;8,66;8,35;10,49;7,93;1,50654;1,51382;2,05402;2,06392;2,36124;2,37356;54,34619772;6,5
2010-02-26;7,22;8,8;8,68;10,37;9,5;7,95;1,52554;1,5329;2,0676;2,07756;2,35032;2,3626;54,88414851;6,5
2010-03-05;7,54;8,86;8,5;8,36;9,69;8,05;1,53464;1,54204;2,08714;2,09722;2,31158;2,32366;55,92951589;6,5
2010-03-12;7,59;8,94;8,03;8,63;10,01;8,18;1,53076;1,53814;2,08378;2,09382;2,29782;2,30984;53,94512552;6,5
2010-03-19;7,63;8,9;8,32;8,73;10,89;8,27;1,51684;1,52414;2,08194;2,09198;2,30218;2,31422;54,67382476;6,5
2010-03-26;7,46;9,01;8,48;8,79;10,74;8,18;1,53366;1,54106;2,06484;2,0748;2,30122;2,31326;54,68020475;6,5
2010-04-02;7,64;9,01;8,89;8,53;9,45;8,4;1,51978;1,5271;2,04564;2,0555;2,28662;2,29856;54,54618501;6,5
2010-04-09;7,53;8,83;9,08;8,39;9,97;8,15;1,50278;1,51004;2,0173;2,02702;2,28578;2,29772;55,53472659;6,5
2010-04-16;7,45;8,57;9,07;8,36;9,25;8,04;1,47832;1,48546;2,0039;2,01356;2,2769;2,2888;53,71044243;6,5
2010-04-23;7,36;8,73;8,97;8,85;8,84;8,02;1,47845;1,485575;1,991475;2,001075;2,270725;2,282575;55,17907728;6,5
2010-04-30;7,61;8,75;8,93;10,8;9,28;8,15;1,47976;1,48688;1,96698;1,97648;2,2676;2,27946;56,37200196;6,5
2010-05-07;7,69;9,02;8,98;8,76;9,13;8,31;1,49798;1,50522;1,95892;1,96836;2,27516;2,28702;60,46867918;6,5
2010-05-14;7,65;9,17;9,19;8,81;8,89;8,41;1,52644;1,5338;1,946;1,9554;2,2639;2,27574;61,11734316;6,5
2010-05-21;7,77;9,19;8,92;8,74;8,96;8,45;1,540425;1,54785;1,909475;1,9187;2,223625;2,235275;59,51790557;6,5
2010-05-28;7,6;9,4;8,55;8,42;8,73;8,49;1,57218;1,57976;1,94122;1,95058;2,26322;2,27504;60,93737775;6,5
2010-06-04;7,92;9,41;9,68;8,44;9,14;8,64;1,56738;1,57496;1,92292;1,93222;2,28542;2,29738;62,84790644;7,0
2010-06-11;7,8;9,54;9,49;8,46;8,78;8,57;1,59006;1,59774;1,91014;1,91934;2,30794;2,32002;62,08430306;7,0
2010-06-18;7,99;9,4;9,32;8,9;8,81;8,66;1,56402;1,57156;1,91468;1,92392;2,30332;2,31536;62,75524928;7,0
2010-06-25;7,81;9,53;9,81;11,28;9,26;8,61;1,55528;1,56278;1,91768;1,92692;2,31026;2,32234;63,45205112;7,0
2010-07-02;7,87;9,53;9,68;9,02;9,11;8,73;1,57294;1,58052;1,93218;1,9415;2,35792;2,37026;60,85406825;7,0
2010-07-09;7,7;9,29;9,43;8,45;8,84;8,48;1,55524;1,56276;1,95534;1,96476;2,35686;2,36916;60,42847628;7,0
2010-07-16;7,54;9,22;9,25;9,81;8,9;8,35;1,54224;1,54968;1,95284;1,96226;2,337;2,3492;58,88798821;7,0
2010-07-23;7,51;9,07;7,94;8,77;8,89;8,25;1,525;1,53236;1,96816;1,97764;2,3305;2,34268;58,27987452;7,0
2010-07-30;7,38;8,96;7,68;8,85;8,83;8,09;1,50716;1,51444;1,95668;1,9661;2,3385;2,35072;57,22326033;7,0
2010-08-06;7,53;8,88;9,03;8,55;9,11;8,21;1,4942;1,50142;1,96386;1,97334;2,36442;2,37678;57,77043035;7,0
2010-08-13;7,28;8,88;8,82;8,64;8,71;8,18;1,49588;1,50308;1,95956;1,96902;2,3616;2,37396;59,20171709;7,0
2010-08-20;7,66;8,78;9,17;8,59;8,7;8,22;1,49772;1,50496;1,92366;1,93294;2,33802;2,35026;59,85848662;7,0
2010-08-27;7,37;8,95;8,91;8,48;8,58;8,13;1,51598;1,5233;1,92326;1,93256;2,34694;2,3592;60,37886273;7,0
2010-09-03;7,57;8,9;8,95;8,48;8,62;8,15;1,514275;1,521575;1,930125;1,939425;2,3347;2,3469;60,11705032;7,0
2010-09-10;7,34;8,8;8,89;8,59;8,63;7,95;1,49876667;1,506;1,9224;1,9317;2,3057;2,31776667;60,42318603;7,0
2010-09-17;7,66;8,93;8,93;8,61;9,4;8,28;1,49094;1,49816;1,9224;1,9317;2,30452;2,31656;61,19502338;7,0
2010-09-24;7,41;8,89;9,05;8,79;8,68;8,14;1,48404;1,4912;1,95942;1,96886;2,31872;2,33082;61,53526438;7,0
2010-10-01;7,59;8,93;9,04;8,61;8,54;8,31;1,46174;1,4688;1,97504;1,98456;2,31036;2,32242;61,2493022;7,0
2010-10-08;7,27;8,67;8,86;8,58;8,49;7,97;1,42914;1,43602;1,97274;1,98226;2,26642;2,2783;61,44586865;7,0
2010-10-15;7,32;8,56;8,88;8,79;8,51;7,93;1,4079;1,4147;1,96302;1,97248;2,23846;2,25016;62,23544244;7,0
2010-10-22;7,01;8,44;8,98;8,5;8,44;7,83;1,41352;1,42032;1,97122;1,98074;2,23874;2,25044;60,85810799;7,0
2010-10-29;7,24;8,6;9,14;8,62;7,47;7,87;1,41825;1,4251;1,9748;1,9843;2,235725;2,247425;62,642939;7,0
2010-11-05;7,36;8,6;9,15;8,74;8,71;7,98;1,41002;1,41682;1,97442;1,98394;2,26108;2,2729;62,50111869;7,0
2010-11-12;7,32;8,71;8,6;8,42;8,34;8,03;1,4039;1,41068;1,95066;1,96008;2,26346;2,27528;63,2424842;7,0
2010-11-19;7,43;8,745000000000001;8,615;8,46;8,35;8,120000000000001;1,428;1,4349;1,953;1,9624;2,2932;2,3052;62,61624771;7,0
2010-11-26;7,54;8,78;8,63;8,5;8,36;8,21;1,45312;1,46012;1,96488;1,97434;2,3114;2,32348;65,04162339;7,0
2010-12-03;7,38;8,83;8,41;8,28;8,29;8,03;1,48746;1,49462;1,95558;1,96502;2,32054;2,33266;67,0069865;7,0
2010-12-10;7,38;8,8;8,69;8,45;8,53;8,04;1,4783;1,48544;1,9622;1,97168;2,32458;2,33672;66,93069021;7,0
2010-12-17;7,26;8,83;8,81;8,32;8,42;7,98;1,50242;1,50966;1,99826;2,0079;2,36486;2,37724;68,25797349;7,0
2010-12-24;6,85;8,64;8,53;8,68;8,24;7,69;1,5412;1,54864;2,02968;2,03946;2,38828;2,40078;68,82647361;7,0
2010-12-31;6,91;8,61;8,94;8,7;8,98;7,92;1,54476;1,5522;2,03596;2,04578;2,38356;2,396;70,31191709;7,0
2011-01-07;6,64;8,12;8,33;8,36;8,34;7,45;1,54198;1,5494;2,04836;2,05822;2,39416;2,40668;69,26354548;6,5
2011-01-14;6,6;7,98;8,24;8,27;8,21;7,34;1,56368;1,57122;2,03262;2,04242;2,43558;2,44834;67,9203921;6,5
2011-01-21;6,45;7,97;8,16;8,65;8,04;7,18;1,53942;1,54684;2,06338;2,07336;2,45328;2,46612;67,80506416;6,5
2011-01-28;6,55;7,95;8,37;8,06;8,43;7,24;1,5643;1,57186;2,13134;2,1416;2,48556;2,49856;69,27352765;6,5
2011-02-04;6,58;8,0;8,35;8,17;7,89;7,39;1,5821;1,58972;2,1741;2,1846;2,53988;2,55318;68,6564059;6,25
2011-02-11;6,66;8,03;8,27;8,47;7,96;7,42;1,58;1,58764;2,15264;2,16304;2,54272;2,556;69,16141992;6,25
2011-02-18;6,78;8,0;8,46;8,19;8,22;7,43;1,58236;1,59;2,13958;2,14992;2,54102;2,5543;70,44158436;6,25
2011-02-25;6,82;8,07;8,28;8,32;8,17;7,4;1,58542;1,59306;2,16764;2,1781;2,5673;2,5807;72,41097658;6,25
2011-03-04;6,9;8,06;8,44;8,28;8,03;7,51;1,59892;1,60664;2,21028;2,22094;2,59434;2,6079;73,60154669;6,25
2011-03-11;6,87;8,14;8,6;9,78;7,18;7,58;1,5855;1,59314;2,20816;2,2188;2,5705;2,58394;72,06261494;6,25
2011-03-18;7,01;8,25;8,72;8,88;8,27;7,7;1,57638;1,58398;2,19396;2,20456;2,53172;2,54496;72,00753223;6,25
2011-03-25;6,89;8,26;8,84;8,5;8,78;7,62;1,56178;1,56932;2,21148;2,22212;2,53704;2,5503;71,51246963;6,25
2011-04-01;6,92;8,33;9,16;9,16;9,38;7,79;1,54626;1,55372;2,18344;2,19396;2,48002;2,49298;70,27293325;6,25
2011-04-08;6,94;8,26;9,17;9,23;8,21;7,75;1,52308;1,53044;2,16698;2,17744;2,46716;2,48006;71,64485415;6,25
2011-04-15;6,92;8,35;9,34;9,27;8,95;7,84;1,5068;1,51408;2,17752;2,188;2,45838;2,47122;72,33074355;6,25
2011-04-22;7,04;8,51;9,45;9,16;8,85;7,93;1,51518;1,5225;2,18658;2,19712;2,47822;2,49116;73,55376425;6,25
2011-04-29;6,89;8,65;9,41;9,85;9,31;7,91;1,51328;1,52058;2,21748;2,22816;2,50328;2,51636;76,08094797;6,25
2011-05-06;6,86;8,86;9,55;9,76;8,77;8,06;1,52336;1,5307;2,2608;2,27172;2,52378;2,53696;74,29397925;6,25
2011-05-13;6,83;8,93;9,8;9,92;8,94;8,06;1,55324;1,56074;2,23174;2,24252;2,54174;2,55502;76,71865159;6,25
2011-05-20;6,87;8,88;9,85;9,45;8,88;8,15;1,57855;1,586175;2,243675;2,2545;2,5609;2,574275;77,11334123;6,25
2011-05-27;6,83;9,02;9,58;9,54;8,84;8,1;1,59118;1,59886;2,24672;2,25754;2,57694;2,59042;79,17620644;6,25
2011-06-03;6,7;9,18;9,29;9,95;8,85;8,14;1,58936;1,597;2,28164;2,29264;2,61232;2,62596;77,99316345;6,25
2011-06-10;6,81;9,17;10,12;9,81;9,0;8,27;1,5749;1,5825;2,30026;2,31136;2,58054;2,59402;77,52055037;6,25
2011-06-17;6,95;9,39;10,27;9,88;8,99;8,44;1,57998;1,58762;2,2662;2,27712;2,57066;2,5841;78,9649471;6,25
2011-06-24;7,0;9,41;10,22;10,46;8,97;8,49;1,604;1,61172;2,29168;2,30274;2,58658;2,6001;78,92992625;6,25
2011-07-01;7,02;9,8;10,97;10,61;9,03;8,75;1,6274;1,63526;2,33024;2,34146;2,60206;2,61564;76,81621786;6,25
2011-07-08;6,97;9,62;10,32;9,76;9,47;8,63;1,61688;1,62468;2,33292;2,34414;2,59232;2,60588;80,78401222;6,25
2011-07-15;7,07;9,63;10,68;11,04;9,05;8,7;1,63508;1,64296;2,30854;2,31966;2,60922;2,62286;84,56808919;6,25
2011-07-22;7,21;9,68;10,49;10,77;9,12;8,73;1,65222;1,6602;2,33848;2,34976;2,66276;2,67668;86,46724343;6,25
2011-07-29;7,13;9,57;10,42;10,55;9,38;8,62;1,68888;1,69702;2,43406;2,4458;2,7584;2,77282;88,29162147;6,25
2011-08-05;7,03;9,71;10,22;10,84;9,54;8,68;1,68734;1,69548;2,4098;2,42142;2,75576;2,77016;92,9941247;6,25
2011-08-12;6,94;9,47;10,0;9,96;9,27;8,46;1,74774;1,75616;2,49152;2,50354;2,84616;2,86104;99,7182794;6,25
2011-08-19;7,0;9,28;9,83;9,23;9,18;8,45;1,76786;1,77638;2,53654;2,5488;2,89326;2,90836;106,39771307;6,25
2011-08-26;7,07;9,16;9,65;9,46;9,29;8,37;1,77378;1,78234;2,55758;2,56992;2,9226;2,93788;102,75797946;6,25
2011-09-02;7,04;8,74;8,94;8,29;8,98;8,04;1,7454;1,7538;2,5186;2,5307;2,8454;2,8603;105,95037401;5,75
2011-09-09;6,82;9,17;9,31;9,05;9,12;8,23;1,75146;1,75992;2,47436;2,48628;2,81502;2,82974;106,77775579;5,75
2011-09-16;6,91;8,91;9,34;9,38;9,21;8,19;1,77252;1,78108;2,4299;2,44162;2,80588;2,82054;103,41331359;5,75
2011-09-23;6,95;8,88;9,41;9,45;9,07;8,12;1,79182;1,80046;2,44728;2,45908;2,80546;2,82012;97,62042679;5,75
2011-09-30;6,87;9,02;9,52;9,28;9,03;8,25;1,8385;1,84738;2,49188;2,5039;2,86002;2,87496;97,10311132;5,75
2011-10-07;6,81;8,86;9,24;9,11;9,08;7,97;1,85976;1,86874;2,48088;2,49286;2,87704;2,8921;97,31837567;5,75
2011-10-14;6,85;8,86;9,19;9,31;9,18;8,14;1,827;1,8358;2,48984;2,50186;2,85704;2,87198;98,9156138;5,75
2011-10-21;7,02;8,89;9,41;8,74;9,08;8,21;1,8443;1,85322;2,54254;2,55482;2,90704;2,92224;96,93930779;5,75
2011-10-28;7,15;9,07;9,39;9,24;9,13;8,34;1,79236;1,801;2,49144;2,50344;2,85812;2,87304;97,78539363;5,75
2011-11-04;7,31;9,38;9,83;9,66;9,16;8,57;1,76462;1,7731;2,4445;2,45628;2,8213;2,83604;99,73133807;5,75
2011-11-11;7,25;9,22;9,61;9,69;9,1;8,36;1,76145;1,76995;2,4134;2,42505;2,8117;2,8264;101,96730065;5,75
2011-11-18;7,53;9,63;9,19;10,0;9,19;8,9;1,784;1,7926;2,42104;2,43274;2,82776;2,84254;101,26374329;5,75
2011-11-25;7,84;9,7;9,93;10,16;8,43;8,95;1,83672;1,84554;2,47294;2,48488;2,87358;2,8886;101,88600009;5,75
2011-12-02;8,09;9,83;11,1;9,87;9,41;9,15;1,84782;1,85672;2,4674;2,47932;2,8781;2,89316;102,63690392;5,75
2011-12-09;8,05;10,14;10,86;10,34;9,67;9,27;1,82204;1,83084;2,4464;2,4582;2,85222;2,86714;101,25210439;5,75
2011-12-16;8,33;10,29;11,33;11,27;9,39;9,5;1,85758;1,86654;2,44662;2,45842;2,89108;2,9062;96,25601888;5,75
2011-12-23;8,76;10,71;11,65;11,37;10,51;10,02;1,87726;1,88632;2,4521;2,46392;2,9301;2,94542;97,97191612;5,75
2011-12-30;9,08;11,42;11,98;11,2;11,34;10,6;1,88902;1,89814;2,46246;2,47436;2,94744;2,96284;94,84641601;5,75
2012-01-06;8,88;10,67;11,2;10,1;9,6;9,96;1,87578;1,88484;2,43006;2,44178;2,91498;2,9302;97,55813537;5,75
2012-01-13;8,95;10,88;11,29;9,79;9,66;10,07;1,85732;1,86628;2,37056;2,382;2,86512;2,88008;98,041599;5,75
2012-01-20;9,25;10,49;11,68;10,32;10,1;10,05;1,83438;1,84322;2,34634;2,35766;2,8181;2,83284;97,84224187;5,75
2012-01-27;9,0;10,71;10,99;10,7;10,28;10,05;1,81232;1,82108;2,35708;2,36844;2,82094;2,8357;99,1503818;5,75
2012-02-03;9,07;10,81;11,37;10,65;11,99;10,16;1,76686;1,7754;2,32168;2,33286;2,78188;2,79642;97,12195005;5,75
2012-02-10;8,86;10,72;11,33;10,85;10,03;9,97;1,7465;1,75492;2,30182;2,31294;2,76362;2,77806;97,43350557;5,75
2012-02-17;8,82;10,81;11,19;9,62;11,06;10,01;1,75626;1,76472;2,31226;2,32342;2,76416;2,77862;97,05886964;5,75
2012-02-24;8,76;10,6;10,66;10,83;9,68;9,85;1,7434;1,7518;2,3068;2,31792;2,75166;2,76606;100,53702935;5,75
2012-03-02;8,63;10,49;10,61;10,12;10,46;9,75;1,74934;1,75778;2,34536;2,35666;2,7764;2,79092;97,20998779;5,75
2012-03-09;8,43;10,45;10,6;10,37;9,35;9,65;1,76756;1,7761;2,33156;2,34282;2,793;2,80762;98,47128312;5,75
2012-03-16;8,63;10,42;10,73;10,74;9,76;9,66;1,78484;1,79346;2,3401;2,35138;2,79954;2,81416;95,71030111;5,75
2012-03-23;8,76;10,36;10,69;10,66;9,9;9,71;1,80036;1,80904;2,37106;2,38248;2,8481;2,863;95,53347618;5,75
2012-03-30;8,86;10,38;11,09;10,5;9,08;9,81;1,77988;1,78846;2,36682;2,37822;2,82854;2,84332;95,53401339;5,75
2012-04-06;8,5;10,35;10,73;9,82;9,4;9,62;1,77652;1,78508;2,35518;2,36654;2,8339;2,84872;94,48127548;5,75
2012-04-13;8,55;10,36;10,79;10,63;9,87;9,66;1,79084;1,79946;2,34592;2,35724;2,84342;2,85826;95,78852773;5,75
2012-04-20;8,99;10,39;10,41;9,76;9,2;9,8;1,78416;1,79276;2,33848;2,34978;2,8435;2,85834;94,6513793;5,75
2012-04-27;8,94;10,42;10,73;10,21;9,09;9,85;1,771425;1,779975;2,3373;2,348575;2,8576;2,87255;94,06711182;5,75
2012-05-04;8,7;10,4;10,57;10,5;9,37;9,67;1,75125;1,759675;2,309175;2,320325;2,838375;2,853225;92,83389823;5,75
2012-05-11;9,29;10,52;10,75;10,14;9,84;10,06;1,76386;1,77238;2,29642;2,30748;2,84654;2,86142;90,5456309;5,75
2012-05-18;9,17;10,67;10,83;10,9;9,44;10,12;1,80162;1,81034;2,30894;2,32006;2,88292;2,898;94,01668626;5,75
2012-05-25;9,36;10,62;10,56;9,88;10,35;10,08;1,8278;1,83664;2,31976;2,33094;2,88016;2,89522;93,46809422;5,75
2012-06-01;9,46;10,56;11,03;9,91;9,31;10,15;1,8311;1,83992;2,29084;2,3019;2,8608;2,87576;96,97038467;5,75
2012-06-08;9,34;10,73;10,84;9,34;9,37;10,16;1,83884;1,84772;2,29002;2,30104;2,83132;2,84612;93,20749377;5,75
2012-06-15;9,26;10,91;11,36;10,14;9,38;10,31;1,8171;1,82586;2,27688;2,28788;2,81752;2,83224;94,81696529;5,75
2012-06-22;9,3;11,06;11,33;10,58;10,18;10,39;1,79596;1,80462;2,27186;2,2828;2,81154;2,82626;91,143357;5,75
2012-06-29;8,97;11,13;11,48;10,98;9,5;10,35;1,80752;1,81624;2,258;2,26888;2,81672;2,83146;92,81520245;5,75
2012-07-06;9,04;10,73;10,31;9,87;9,73;10,09;1,79846;1,80712;2,2613;2,27224;2,81206;2,82676;92,42523267;5,75
2012-07-13;8,96;10,33;9,9;10,34;9,33;9,78;1,80848;1,81718;2,2228;2,23352;2,8044;2,81906;92,41096127;5,75
2012-07-20;8,93;10,35;10,23;8,92;9,37;9,79;1,80168;1,81038;2,20668;2,2173;2,80644;2,82112;92,05237146;5,75
2012-07-27;8,6;10,29;9,92;9,85;9,24;9,57;1,81066;1,81942;2,20064;2,21126;2,81662;2,83132;94,4817108;5,75
2012-08-03;8,61;10,14;8,96;9,96;9,38;9,52;1,79454;1,80318;2,2042;2,21484;2,80878;2,82348;91,73695977;5,75
2012-08-10;8,29;9,96;9,87;9,61;9,14;9,33;1,77604;1,78462;2,192;2,20258;2,77098;2,78546;92,88955118;5,75
2012-08-17;8,17;9,78;9,61;10,36;8,97;9,23;1,78642;1,79502;2,19888;2,20948;2,7986;2,81324;93,43402246;5,75
2012-08-24;8,09;9,65;9,32;8,6;8,72;9,03;1,78706667;1,79566667;2,2267;2,23743333;2,82173333;2,83646667;96,4729226;5,75
2012-08-31;7,92;9,57;9,45;9,19;9,09;8,92;1,795425;1,80405;2,250375;2,2612;2,8386;2,853425;98,69928753;5,75
2012-09-07;7,49;9,38;9,46;9,21;8,71;8,59;1,81142;1,82014;2,27836;2,28936;2,87444;2,88946;100,27370574;5,75
2012-09-14;7,58;9,27;9,26;9,21;8,62;8,6;1,79588;1,80454;2,30174;2,31286;2,87894;2,894;101,90846317;5,75
2012-09-21;7,49;9,09;9,09;9,12;8,82;8,42;1,78898;1,79758;2,33382;2,34508;2,9005;2,91566;102,21773021;5,75
2012-09-28;7,5;8,96;8,75;8,81;8,52;8,46;1,78624;1,79484;2,3065;2,31764;2,89568;2,91084;102,35977542;5,75
2012-10-05;7,3;8,77;8,86;8,26;8,83;8,19;1,78778;1,7964;2,30962;2,32074;2,88574;2,90082;103,29164809;5,75
2012-10-12;7,27;8,64;8,73;8,51;8,36;8,08;1,80174;1,81042;2,33058;2,34182;2,8926;2,9077;101,88894863;5,75
2012-10-19;7,07;8,62;8,28;8,53;8,44;7,99;1,79682;1,80548;2,34182;2,35312;2,8922;2,9073;99,2482281;5,75
2012-10-26;6,98;8,49;8,1;8,14;8,49;7,71;1,78893333;1,79753333;2,33343333;2,3447;2,86663333;2,88163333;99,14232161;5,75
2012-11-02;6,98;8,48;8,08;8,33;8,8;7,91;1,78845;1,79705;2,321725;2,332925;2,87565;2,8907;96,39927135;5,75
2012-11-09;6,85;8,41;8,02;8,55;8,38;7,79;1,7749;1,78346;2,27238;2,28334;2,83886;2,85372;99,5848088;5,75
2012-11-16;6,71;8,33;8,31;8,58;8,42;7,65;1,79028;1,79892;2,27808;2,28906;2,84374;2,85858;99,09038111;5,75
2012-11-23;6,63;8,22;8,67;8,63;8,37;7,54;1,79164;1,80024;2,29238;2,30342;2,85006;2,86496;100,81801659;5,75
2012-11-30;6,66;8,1;8,33;8,43;8,67;7,33;1,78526;1,79386;2,31086;2,322;2,85532;2,87024;98,4268839;5,75
2012-12-07;6,68;8,02;8,29;8,37;8,09;7,44;1,77822;1,78682;2,3216;2,33278;2,85924;2,87418;97,94121498;5,75
2012-12-14;6,61;8,07;8,34;8,14;8,14;7,48;1,77684;1,7854;2,30638;2,3175;2,85684;2,87174;96,85417072;5,75
2012-12-21;6,68;8,11;8,46;8,62;8,05;7,53;1,77428;1,78286;2,34002;2,3513;2,87664;2,89166;95,52306011;5,75
2012-12-28;6,65;8,17;8,53;7,73;8,28;7,57;1,78632;1,79492;2,3613;2,3727;2,88718;2,90228;95,15650813;5,75
2013-01-04;6,49;7,92;8,03;8,09;8,49;7,23;1,775975;1,78455;2,342775;2,35405;2,875075;2,8901;94,76753882;5,5
2013-01-11;6,41;7,77;7,88;7,97;7,92;7,19;1,77202;1,78056;2,31512;2,3263;2,84346;2,85832;94,54322267;5,5
2013-01-18;6,36;7,77;8,1;8,32;8,14;7,2;1,7599;1,76838;2,34518;2,35652;2,8267;2,8415;95,21904381;5,5
2013-01-25;6,24;7,7;8,14;7,78;7,97;7,06;1,7571;1,76558;2,3424;2,3537;2,78736;2,80196;94,15746506;5,5
2013-02-01;6,25;7,63;7,82;7,93;8,23;7,04;1,75866;1,76716;2,37114;2,38258;2,77112;2,78562;93,68690075;5,5
2013-02-08;6,07;7,5;7,68;7,62;7,55;6,88;1,752;1,76044;2,3776;2,38906;2,75594;2,77032;94,87472185;5,5
2013-02-15;6,07;7,39;7,55;7,5;7,66;6,85;1,76316;1,77166;2,3641;2,37548;2,75664;2,77104;91,35626574;5,5
2013-02-22;5,91;7,27;7,38;7,45;7,63;6,7;1,7739;1,7771;2,36354;2,36784;2,7276;2,74184;91,40900091;5,5
2013-03-01;5,92;7,17;7,31;7,43;7,77;6,63;1,79878;1,80204;2,36572;2,37;2,72576;2,73998;90,99536872;5,5
2013-03-08;5,83;7,14;7,35;7,34;7,53;6,47;1,79726;1,8005;2,34128;2,3455;2,70456;2,71866;91,63772874;5,5
2013-03-15;5,77;7,09;7,31;7,4;7,61;6,54;1,80374;1,807;2,34744;2,35166;2,6904;2,70444;92,6034674;5,5
2013-03-22;5,79;7,04;7,4;7,53;7,44;6,51;1,81422;1,8175;2,35022;2,35448;2,74052;2,75482;93,86760904;5,5
2013-03-29;5,67;7,15;7,44;7,6;7,58;6,59;1,8159;1,81916;2,33806;2,34228;2,7501;2,76444;92,69485011;5,5
2013-04-05;5,82;7,11;7,37;7,51;7,68;6,53;1,80742;1,81066;2,31714;2,32132;2,735;2,74926;91,1777747;5,5
2013-04-12;5,74;7,01;7,3;7,32;7,26;6,5;1,78802;1,79122;2,3313;2,3355;2,73244;2,74668;84,97209611;5,5
2013-04-19;5,59;6,95;7,18;7,23;7,31;6,34;1,7905;1,79374;2,3432;2,34746;2,73578;2,75006;81,2561006;5,5
2013-04-26;5,6;6,8;7,04;7,25;7,17;6,26;1,800125;1,803325;2,348425;2,352675;2,751825;2,7662;84,47836713;5,5
2013-05-03;5,46;6,77;7,01;7,14;7,47;6,19;1,796175;1,799375;2,350675;2,354925;2,781175;2,795675;84,84610955;5,0
2013-05-10;5,48;6,75;6,91;7,05;7,0;6,16;1,79434;1,79756;2,3536;2,35786;2,78324;2,79776;83,84198901;5,0
2013-05-17;5,25;6,61;6,79;6,98;6,85;6,03;1,8118;1,81506;2,34534;2,34956;2,76764;2,78206;80,33419852;5,0
2013-05-24;5,16;6,31;6,55;6,75;6,42;5,76;1,84298;1,84628;2,37416;2,37844;2,78884;2,80338;82,28918254;5,0
2013-05-31;4,97;6,15;6,53;6,34;6,94;5,59;1,8533;1,85664;2,3983;2,40262;2,79654;2,8111;83,48238773;5,0
2013-06-07;5,15;6,32;6,62;6,78;6,92;5,74;1,8829;1,8863;2,45872;2,46314;2,87852;2,89354;83,43721561;4,5
2013-06-14;5,29;6,58;6,88;7,12;6,64;5,92;1,88368;1,88706;2,49994;2,50444;2,9328;2,9481;83,034759;4,5
2013-06-21;5,46;6,78;7,21;7,35;8,12;6,17;1,87846;1,88184;2,50368;2,50816;2,929;2,94428;80,80715112;4,5
2013-06-28;5,64;7,52;8,11;8,04;7,5;6,72;1,933;1,93646;2,5323;2,53684;2,9697;2,98516;76,69990128;4,5
2013-07-05;5,8;7,4;7,22;7,96;7,07;6,63;1,93316;1,9366;2,51648;2,52104;2,93668;2,95198;77,3072728;4,5
2013-07-12;6,05;7,69;7,31;9,05;6,69;6,95;1,94412;1,94762;2,50624;2,51076;2,90234;2,91746;80,79233637;4,5
2013-07-19;6,12;7,84;8,15;8,26;6,99;7,05;1,93348;1,93698;2,53018;2,53474;2,92028;2,9355;79,93267653;4,5
2013-07-26;6,2;8,02;8,14;9,26;7,07;7,15;1,91592;1,9194;2,52576;2,53032;2,9298;2,9451;82,38340738;4,5
2013-08-02;6,6;8,13;8,2;9,19;7,38;7,43;1,9267;1,93018;2,55602;2,56062;2,94264;2,958;81,07185303;4,5
2013-08-09;6,5;8,09;8,41;8,92;7,43;7,26;1,93423333;1,9377;2,56376667;2,56836667;2,95186667;2,96723333;80,85899902;4,5
2013-08-16;6,57;8,47;8,96;9,72;7,62;7,75;1,92844;1,9319;2,56112;2,56574;2,97746;2,99296;85,75370584;4,5
2013-08-23;6,59;8,41;8,62;8,42;7,52;7,6;1,9541;1,95762;2,61016;2,61484;3,05144;3,06736;89,33253661;4,5
2013-08-30;6,84;8,66;8,68;9,24;7,77;7,77;2,01455;2,0182;2,6912;2,696025;3,1257;3,142025;90,96943143;4,5
2013-09-06;7,02;8,66;8,7;9,11;7,6;7,91;2,04316;2,04688;2,69772;2,70256;3,1771;3,19366;91,50083312;4,5
2013-09-13;6,9;8,61;9,44;9,02;7,99;7,82;2,03296;2,03664;2,68812;2,69294;3,18754;3,20414;86,44386019;4,5
2013-09-20;6,87;8,94;9,74;9,64;8,02;8,08;1,99548;1,99908;2,6702;2,67502;3,17552;3,19208;84,34322365;4,5
2013-09-27;7,09;8,87;9,66;9,16;8,02;8,14;1,99358;1,99714;2,69308;2,69792;3,19044;3,2071;87,22099582;4,5
2013-10-04;6,72;8,82;9,34;9,33;7,92;7,88;2,0197;2,02332;2,73464;2,73956;3,26198;3,27898;83,74421184;4,5
2013-10-11;7,01;8,65;8,74;9,06;8,42;7,98;1,98892;1,99252;2,69686;2,70172;3,18322;3,19982;80,96494151;4,5
2013-10-18;7,07;7,97;7,48;7,98;7,24;7,41;1,9764;1,9799;2,6807;2,6855;3,1529;3,1694;83,25204403;4,5
2013-10-25;6,82;8,46;8,57;8,91;7,58;7,84;1,9762;1,97974;2,70634;2,7112;3,1807;3,1973;86,19898339;4,5
2013-11-01;6,54;8,29;8,54;8,56;7,31;7,46;1,987225;1,990725;2,733925;2,738875;3,198525;3,215225;85,28393456;4,5
2013-11-08;6,55;8,34;8,31;8,63;7,62;7,52;2,02088;2,02452;2,72886;2,73376;3,23328;3,2501;84,38717179;4,5
2013-11-15;6,73;8,41;8,27;9,04;8,6;7,67;2,04162;2,04532;2,7389;2,74384;3,25896;3,27596;84,1386388;4,5
2013-11-22;6,8;8,29;8,61;9,08;8,13;7,55;2,02046;2,02412;2,72516;2,73008;3,24882;3,26576;80,08326195;4,5
2013-11-29;6,84;8,36;8,47;9,04;8,13;7,69;2,01048;2,01412;2,72528;2,7302;3,25838;3,27536;81,22327726;4,5
2013-12-06;6,76;8,47;8,61;8,69;7,34;7,57;2,03504;2,03872;2,76428;2,76928;3,32622;3,34356;80,00086891;4,5
2013-12-13;7,01;8,6;8,9;9,26;8,74;7,88;2,03272;2,03636;2,79172;2,79674;3,32652;3,34384;81,16386526;4,5
2013-12-20;6,98;8,85;9,03;9,43;7,52;7,99;2,04288;2,04654;2,80726;2,81232;3,32958;3,34694;80,74100964;4,5
2013-12-27;7,04;8,91;9,34;9,08;7,14;8,04;2,08492;2,08866;2,8518;2,85696;3,40344;3,4212;83,93294926;4,5
2014-01-03;7,01;8,89;9,01;9,31;7,69;8,06;2,149225;2,153075;2,957425;2,962725;3,542825;3,5613;86,582704;4,5
2014-01-10;6,88;8,76;8,87;9,3;8,19;7,81;2,1778;2,18172;2,96548;2,97084;3,56986;3,58848;86,7478357;4,5
2014-01-17;7,1;8,82;8,73;9,75;8,36;8,01;2,18718;2,19118;2,9817;2,98706;3,58192;3,6006;90,02180894;4,5
2014-01-24;7,1;8,85;8,96;9,66;8,38;7,9;2,24352;2,24754;3,04488;3,05038;3,69054;3,70978;95,29774835;4,5
2014-01-31;8,48;9,79;10,2;11,05;9,68;9,2;2,28514;2,28928;3,12092;3,12652;3,7762;3,79592;90,06558649;4,5
2014-02-07;9,05;10,3;10,55;10,68;9,64;9,75;2,25064;2,25472;3,04248;3,04798;3,67228;3,69146;90,31508625;10,0
2014-02-14;9,12;10,65;10,79;11,39;10,63;10,0;2,20732;2,21128;3,00928;3,01468;3,62764;3,64654;92,46565259;10,0
2014-02-21;9,18;10,75;10,6;10,79;9,54;10,03;2,18814;2,19208;3,0011;3,00648;3,64642;3,66542;92,61506128;10,0
2014-02-28;9,39;10,81;10,79;11,01;9,53;10,12;2,20494;2,2089;3,0248;3,03026;3,66832;3,68742;93,98071119;10,0
2014-03-07;9,64;11,08;11,03;11,21;9,88;10,42;2,21012;2,2141;3,03992;3,0454;3,68658;3,70578;94,81434834;10,0
2014-03-14;9,58;11,12;11,03;10,96;9,95;10,45;2,21828;2,22226;3,08104;3,08658;3,69078;3,71002;98,30826694;10,0
2014-03-21;9,77;11,4;11,61;11,48;10,55;10,69;2,22694;2,23096;3,09084;3,09644;3,68994;3,70918;95,96972259;10,0
2014-03-28;9,86;11,65;11,27;11,94;9,74;10,9;2,22144;2,22542;3,063;3,06852;3,66508;3,68422;91,23932795;10,0
2014-04-04;9,82;11,41;11,0;11,44;9,86;10,73;2,15226;2,15616;2,96392;2,96928;3,57372;3,59234;88,49830897;10,0
2014-04-11;9,6;11,15;11,5;12,0;10,25;10,53;2,11034;2,11414;2,90622;2,91146;3,51326;3,53156;90,12507791;10,0
2014-04-18;9,51;10,77;11,08;10,85;10,06;10,27;2,12664;2,13046;2,94358;2,94888;3,55848;3,57704;88,57424299;10,0
2014-04-25;9,51;10,75;10,6;10,33;9,97;10,2;2,134325;2,138125;2,9494;2,95475;3,5799;3,598575;89,40339911;10,0
2014-05-02;9,55;10,57;10,84;10,68;9,42;10,11;2,12465;2,1285;2,942325;2,947625;3,568675;3,5873;87,84898928;10,0
2014-05-09;9,53;10,6;10,9;10,78;10,37;10,14;2,0928;2,09658;2,90976;2,91498;3,53606;3,55448;86,06831375;10,0
2014-05-16;9,2;10,59;10,68;10,12;10,16;9,99;2,07428;2,078;2,84982;2,85492;3,4867;3,50488;87,17374323;10,0
2014-05-23;9,14;10,43;10,54;10,33;10,13;9,87;2,1005;2,10425;2,876575;2,881775;3,533525;3,55195;86,47886014;10,0
2014-05-30;8,99;10,28;10,04;9,9;9,68;9,67;2,09266;2,09642;2,85204;2,85718;3,51;3,52832;84,21638413;10,0
2014-06-06;8,98;10,2;10,47;9,14;9,95;9,64;2,10358;2,10738;2,86292;2,86808;3,51688;3,5352;83,71748589;9,5
2014-06-13;8,97;10,11;10,19;9,71;9,66;9,6;2,0903;2,09408;2,83834;2,84346;3,50662;3,5249;87,18695545;9,5
2014-06-20;8,95;10,08;10,33;9,16;9,68;9,57;2,13242;2,13624;2,89336;2,89856;3,61374;3,63256;90,66698936;9,5
2014-06-27;8,98;9,92;10,19;9,68;8,76;9,52;2,13506;2,13892;2,90518;2,91038;3,62546;3,6444;89,82530725;9,5
2014-07-04;8,55;9,64;9,59;9,18;8,35;9,14;2,12482;2,12864;2,9015;2,90678;3,62686;3,6458;90,38527712;8,75
2014-07-11;8,54;9,41;9,51;8,97;8,14;9,02;2,12638;2,1302;2,89262;2,89782;3,63548;3,65442;91,28072525;8,75
2014-07-18;8,37;9,31;9,11;8,66;8,22;8,88;2,12094;2,1248;2,8811;2,88628;3,62574;3,64466;89,44169418;8,75
2014-07-25;8,11;9,06;9,12;8,58;8,18;8,62;2,10886;2,11264;2,84616;2,85128;3,5923;3,61104;87,99543079;8,75
2014-08-01;8,0;8,92;8,93;8,23;7,86;8,4;2,1126;2,11635;2,83475;2,8398;3,57005;3,58865;88,76722103;8,25
2014-08-08;8,02;9,04;9,06;9,35;8,16;8,56;2,14454;2,14842;2,8711;2,87628;3,60628;3,62506;91,07668246;8,25
2014-08-15;7,97;9,07;9,31;9,05;7,84;8,55;2,15858;2,16248;2,88678;2,89196;3,61226;3,6311;90,61421326;8,25
2014-08-22;7,99;9,08;9,42;8,95;7,86;8,56;2,16636;2,17026;2,88902;2,89422;3,60346;3,62226;89,40016121;8,25
2014-08-29;7,87;9,14;9,42;8,88;7,87;8,56;2,1686;2,1725;2,8647;2,86986;3,58978;3,6085;89,44754102;8,25
2014-09-05;7,85;9,04;9,34;9,1;8,04;8,46;2,16086;2,16476;2,8397;2,84482;3,5673;3,5859;88,0085499;8,25
2014-09-12;7,93;9,16;9,42;9,01;8,01;8,59;2,18218;2,1861;2,82132;2,82642;3,52566;3,54402;87,25247655;8,25
2014-09-19;8,04;9,24;9,57;9,14;7,91;8,67;2,21062;2,21462;2,85768;2,8628;3,5887;3,60738;87,21772223;8,25
2014-09-26;8,04;9,24;9,39;8,92;8,24;8,66;2,23516;2,23922;2,86868;2,87384;3,65066;3,6697;88,70774987;8,25
2014-10-03;8,02;9,32;9,35;9,5;8,86;8,7;2,27354;2,27766;2,87776;2,88296;3,68246;3,70164;88,20876626;8,25
2014-10-10;8,0;9,23;9,68;9,26;8,72;8,61;2,27276667;2,27686667;2,8821;2,88733333;3,66276667;3,68186667;89,78700156;8,25
2014-10-17;8,22;9,37;9,05;9,34;8,97;8,85;2,27396;2,27806;2,88476;2,88994;3,63366;3,65258;89,57109965;8,25
2014-10-24;8,15;9,4;9,65;9,47;8,67;8,85;2,24374;2,24776;2,8596;2,86476;3,60402;3,6228;88,43285134;8,25
2014-10-31;8,15;9,35;9,27;9,08;8,13;8,78;2,231575;2,235625;2,82315;2,828225;3,5783;3,596975;83,61781021;8,25
2014-11-07;8,18;9,51;9,65;9,99;8,7;8,84;2,22498;2,22898;2,78478;2,78978;3,54766;3,56618;85,30550003;8,25
2014-11-14;8,25;9,48;9,62;9,71;9,22;8,89;2,25684;2,2609;2,80894;2,81404;3,56986;3,58846;85,16980938;8,25
2014-11-21;8,24;9,52;9,97;8,9;9,18;8,96;2,23002;2,23404;2,7888;2,7938;3,48596;3,50412;85,71005078;8,25
2014-11-28;8,19;9,53;9,87;9,37;9,38;8,96;2,22246;2,22648;2,7662;2,7712;3,48336;3,5015;83,28437222;8,25
2014-12-05;8,22;9,47;9,97;8,11;9,21;8,84;2,2243;2,22828;2,7585;2,7635;3,48252;3,50066;86,60242137;8,25
2014-12-12;8,43;9,6;10,07;10,01;9,1;9,04;2,2576;2,26166;2,79056;2,7956;3,52862;3,547;90,30795425;8,25
2014-12-19;8,62;9,81;9,95;9,35;8,8;9,23;2,3304;2,33462;2,8966;2,9018;3,64946;3,66848;88,71638382;8,25
2014-12-26;8,77;10,13;10,67;9,89;9,62;9,49;2,31884;2,32302;2,83812;2,84324;3,60672;3,6255;88,98989431;8,25
2015-01-02;8,63;10,22;10,27;9,38;9,36;9,43;2,321875;2,32605;2,826825;2,831925;3,606225;3,62505;89,51965933;8,25
2015-01-09;8,61;9,85;9,71;10,32;9,08;9,22;2,32936;2,33356;2,77382;2,77882;3,54152;3,55998;90,11072389;8,25
2015-01-16;8,55;9,65;9,85;8,38;8,87;9,09;2,28808;2,2922;2,69642;2,7013;3,46268;3,48074;95,64953555;8,25
2015-01-23;8,45;9,64;9,65;8,93;8,71;9,04;2,33364;2,33782;2,70608;2,71096;3,53112;3,54954;97,75244676;8,25
2015-01-30;8,4;9,54;9,47;8,93;9,14;8,98;2,36258;2,36686;2,66634;2,67112;3,55718;3,57572;100,58136131;8,25
2015-02-06;8,32;9,49;9,84;9,04;8,9;8,88;2,42202;2,42638;2,7542;2,75916;3,65416;3,67322;97,93927089;7,75
2015-02-13;8,39;9,72;9,72;9,51;8,37;9,03;2,47554;2,47998;2,80784;2,8129;3,77368;3,79336;97,04217511;7,75
2015-02-20;8,55;9,69;9,5;9,14;8,73;9,1;2,45428;2,4587;2,79868;2,80374;3,7731;3,79278;94,61288193;7,75
2015-02-27;8,49;9,7;9,53;9,75;8,5;9,09;2,46906;2,4735;2,7988;2,80382;3,80648;3,82632;97,63431515;7,75
2015-03-06;8,53;9,69;9,23;9,82;8,35;9,07;2,53216;2,53674;2,82546;2,83054;3,88154;3,90176;98,34109623;7,5
2015-03-13;8,61;9,89;9,55;9,19;9,25;9,24;2,60754;2,61226;2,80832;2,81336;3,92594;3,94642;97,54948688;7,5
2015-03-20;8,75;9,96;9,61;9,67;8,47;9,34;2,61184;2,61652;2,77002;2,77502;3,857;3,8771;97,73154556;7,5
2015-03-27;8,82;10,0;9,96;9,53;8,95;9,4;2,57318;2,57782;2,80464;2,8097;3,82284;3,84274;100,54148287;7,5
2015-04-03;8,83;10,05;9,74;9,76;8,92;9,42;2,60578;2,61048;2,81402;2,81908;3,85364;3,87372;99,42684877;7,5
2015-04-10;8,94;10,07;9,51;10,76;9,61;9,5;2,58372;2,58838;2,80912;2,81416;3,83672;3,85672;102,0281678;7,5
2015-04-17;9,03;10,04;9,61;9,69;9,65;9,52;2,66732;2,67214;2,82716;2,83228;3,9141;3,93452;103,71523193;7,5
2015-04-24;8,97;10,12;9,65;9,38;8,59;9,5;2,68995;2,694825;2,89265;2,89785;4,01645;4,0374;103,25258172;7,5
2015-05-01;9,01;10,28;10,56;10,09;9,18;9,63;2,697;2,701875;2,939875;2,94515;4,0984;4,11975;102,50105544;7,5
2015-05-08;9,07;10,29;10,6;10,36;9,91;9,71;2,6967;2,70158;3,02126;3,02672;4,09698;4,11834;103,01842687;7,5
2015-05-15;9,03;10,31;10,65;10,73;9,39;9,72;2,66766;2,67246;3,00186;3,00726;4,15376;4,17538;101,31968944;7,5
2015-05-22;8,85;10,13;10,19;9,91;9,62;9,48;2,583475;2,58815;2,907425;2,91265;4,034625;4,055675;100,72297127;7,5
2015-05-29;8,99;10,21;10,34;10,22;9,15;9,58;2,62418;2,6289;2,88036;2,88554;4,04884;4,06994;101,86562166;7,5
2015-06-05;9,07;10,27;10,8;9,86;9,36;9,66;2,6775;2,68232;2,9624;2,96772;4,08634;4,10764;100,8318996;7,5
2015-06-12;9,16;10,3;9,88;9,35;9,01;9,71;2,73102;2,73592;3,07204;3,07756;4,18686;4,20866;103,10914181;7,5
2015-06-19;9,21;10,52;10,29;10,32;9,34;9,87;2,72662;2,73152;3,07234;3,07782;4,25702;4,2792;104,23786449;7,5
2015-06-26;9,17;10,52;11,29;10,18;9,19;9,88;2,68096;2,6858;3,01892;3,02434;4,22722;4,24926;100,68324915;7,5
2015-07-03;9,24;10,68;11,19;10,23;8,9;9,99;2,6809;2,68572;2,98436;2,9897;4,19786;4,21974;101,12568007;7,5
2015-07-10;9,35;10,45;10,3;11,85;8,27;9,91;2,68424;2,68906;2,9647;2,97002;4,15238;4,17406;99,67768266;7,5
2015-07-17;8,275;9,425;10,13;10,18;9,66;8,56;2,64755;2,652325;2,9301;2,9354;4,1085;4,129925;96,70547005;7,5
2015-07-24;9,3;10,52;9,55;10,93;8,5;9,93;2,68472;2,68954;2,93338;2,93868;4,18162;4,20344;96,70652253;7,5
2015-07-31;9,37;10,66;10,58;9,87;8,41;10,0;2,75736;2,76234;3,03778;3,04326;4,28456;4,30692;97,44499621;7,5
2015-08-07;9,33;10,7;10,82;9,98;8,7;9,99;2,7788;2,7838;3,03798;3,04344;4,32508;4,34762;97,75908049;7,5
2015-08-14;9,42;10,75;10,53;9,55;9,12;10,1;2,77856;2,78356;3,06452;3,07004;4,31498;4,33744;101,43476457;7,5
2015-08-21;9,37;10,79;10,45;10,29;8,89;10,06;2,88432;2,8895;3,20284;3,20862;4,50538;4,52888;108,71520065;7,5
2015-08-28;9,4;11,05;10,65;9,84;8,61;10,28;2,92674;2,93202;3,33946;3,34544;4,57618;4,60006;106,15424125;7,5
2015-09-04;9,52;10,98;10,46;10,52;9,45;10,19;2,92866;2,93394;3,29574;3,30168;4,4863;4,50968;107,71352481;7,5
2015-09-11;9,52;11,11;10,55;10,07;8,78;10,28;3,0129;3,01836;3,36406;3,37014;4,60762;4,63164;108,89806184;7,5
2015-09-18;9,82;11,38;10,38;10,49;10,08;10,58;3,03274;3,03818;3,42596;3,43214;4,67482;4,69922;110,06915471;7,5
2015-09-25;8,915;11,675;11,685;10,65;8,45;11,135;3,00026667;3,00566667;3,3899;3,39603333;4,6538;4,67806667;112,19429006;7,5
2015-10-02;9,79;11,67;11,61;10,92;9,21;10,8;3,02782;3,03326;3,38902;3,39512;4,6033;4,62732;109,56274882;7,5
2015-10-09;9,73;11,49;10,39;10,85;9,28;10,64;2,97552;2,9809;3,34194;3,34794;4,52238;4,54596;108,35230845;7,5
2015-10-16;9,62;11,41;10,61;10,66;8,89;10,52;2,9174;2,92268;3,32276;3,32876;4,47424;4,49756;109,49013825;7,5
2015-10-23;9,62;11,31;10,35;11,02;8,64;10,46;2,89356;2,89876;3,28362;3,28954;4,4665;4,4898;108,78723352;7,5
2015-10-30;9,73;11,1;10,39;10,57;8,77;10,4;2,88655;2,891725;3,192775;3,19855;4,42465;4,447725;107,02219248;7,5
2015-11-06;9,63;11,15;11,61;10,82;9,76;10,46;2,8502;2,85534;3,12452;3,13014;4,38212;4,40496;102,06576932;7,5
2015-11-13;9,71;11,14;10,56;11,87;10,62;10,46;2,89398;2,8992;3,11586;3,12146;4,37426;4,39708;99,57630614;7,5
2015-11-20;9,72;11,09;11,02;10,38;10,32;10,44;2,86638;2,87158;3,06842;3,07394;4,35476;4,37748;97,89062964;7,5
2015-11-27;9,72;11,15;11,5;10,61;10,08;10,45;2,86494;2,8701;3,04806;3,05352;4,33022;4,35282;99,46665718;7,5
2015-12-04;9,74;11,11;11,36;10,14;10,93;10,37;2,89624;2,90146;3,06796;3,07348;4,3462;4,36884;100,85406481;7,5
2015-12-11;9,77;11,33;11,61;10,55;10,87;10,59;2,90294;2,90814;3,16138;3,16706;4,37134;4,3941;102,97351124;7,5
2015-12-18;9,93;11,74;11,75;11,32;10,76;10,88;2,95532;2,96064;3,23478;3,24062;4,44958;4,47276;99,54783537;7,5
2015-12-25;9,88;11,93;12,83;11,61;10,57;10,97;2,91988;2,92514;3,18308;3,18882;4,34184;4,36448;101,02271107;7,5
2016-01-01;10,02;12,17;13,1;11,26;10,44;11,15;2,911;2,916225;3,190175;3,1959;4,3251;4,347675;99,52798106;7,5
2016-01-08;9,93;11,68;10,73;13,33;8,92;10,85;2,9712;2,97652;3,21916;3,22498;4,35976;4,3825;107,06671349;7,5
2016-01-15;9,91;11,56;10,84;10,85;9,29;10,73;3,01594;3,02142;3,2786;3,28452;4,36362;4,38636;106,48718175;7,5
2016-01-22;9,88;11,68;11,09;10,89;8,73;10,78;3,0371;3,04254;3,31008;3,31604;4,32032;4,34282;105,75788235;7,5
2016-01-29;9,68;11,72;12,33;11,59;6,92;10,75;3,00356;3,00898;3,25984;3,26568;4,27952;4,30184;106,09449153;7,5
2016-02-05;9,82;11,76;13,18;12,45;9,97;10,87;2,94652;2,95182;3,22666;3,23246;4,23938;4,2615;109,85935945;7,5
2016-02-12;9,87;11,93;12,09;12,89;9,74;10,99;2,92686;2,93216;3,2856;3,29152;4,2306;4,25268;116,3067262;7,5
2016-02-19;10,02;11,9;13,28;12,35;9,74;11,06;2,94862;2,95394;3,2972;3,30312;4,24326;4,26538;116,22297331;7,5
2016-02-26;10,01;12,05;13,25;12,5;9,92;11,15;2,94292;2,9482;3,24838;3,25424;4,13874;4,16034;117,37711432;7,5
2016-03-04;9,95;11,92;12,55;12,1;9,76;10,97;2,93886;2,94412;3,20608;3,21188;4,10002;4,12138;117,45941772;7,5
2016-03-11;10,04;11,86;12,12;11,21;11,28;10,98;2,9101;2,91532;3,19308;3,1988;4,12206;4,14354;115,01978094;7,5
2016-03-18;9,99;12,0;12,41;10,44;11,67;11,07;2,88048;2,88568;3,20998;3,21576;4,09842;4,1198;115,51930581;7,5
2016-03-25;10,06;11,82;12,85;12,04;11,23;11,03;2,86908;2,87426;3,21946;3,22526;4,09052;4,11184;112,49685681;7,5
2016-04-01;9,96;12,02;12,5;12,7;10,06;11,08;2,85432;2,85946;3,20832;3,2141;4,0657;4,0869;110,96681102;7,5
2016-04-08;9,94;11,84;11,75;11,36;11,05;10,97;2,83006;2,83516;3,21954;3,22536;4,00846;4,02936;113,56241473;7,5
2016-04-15;9,94;11,62;11,91;10,38;11,07;10,84;2,845;2,85012;3,23018;3,23602;4,0292;4,05022;113,22959895;7,5
2016-04-22;9,82;11,42;10,96;11,5;11,1;10,64;2,83758;2,84268;3,21058;3,21634;4,0465;4,06764;112,90360144;7,5
2016-04-29;9,69;11,28;11,22;11,47;9,89;10,54;2,82828;2,8334;3,1942;3,2;4,09514;4,1165;116,21991642;7,5
2016-05-06;9,7;11,3;10,85;10,2;10,02;10,47;2,83596;2,84108;3,25464;3,26052;4,12864;4,15016;121,21450722;7,5
2016-05-13;9,74;11,25;11,34;10,99;10,44;10,54;2,93836;2,94362;3,34926;3,35528;4,23692;4,25902;121,45016261;7,5
2016-05-20;9,74;11,3;11,06;9,89;9,87;10,54;2,968;2,973325;3,358375;3,364425;4,2747;4,296975;119,91213294;7,5
2016-05-27;9,57;11,23;11,38;10,06;10,91;10,43;2,9638;2,96914;3,316;3,32198;4,31852;4,34106;115,24905955;7,5
2016-06-03;9,5;11,12;11,1;9,93;10,32;10,3;2,94712;2,95244;3,28926;3,29516;4,28246;4,30478;115,97424961;7,5
2016-06-10;9,37;11,11;10,77;10,95;9,7;10,3;2,9071;2,91232;3,2901;3,29602;4,2023;4,22422;119,92834389;7,5
2016-06-17;9,39;11,05;11,55;9,94;9,78;10,28;2,92376;2,92902;3,29026;3,2962;4,14898;4,1706;122,26987788;7,5
2016-06-24;9,16;10,97;11,34;10,65;10,01;10,12;2,902;2,90726;3,28302;3,28892;4,23568;4,25776;123,59745568;7,5
2016-07-01;9,2;10,97;11,5;10,63;10,31;10,19;2,9109;2,9161;3,2246;3,2304;3,90816;3,9285;125,11233927;7,5
2016-07-08;9,08;10,37;9,43;9,3;9,99;9,67;2,8846;2,8898;3,2044;3,2102;3,8289;3,8489;127,16354687;7,5
2016-07-15;9,1;10,81;10,7;10,25;10,49;10,09;2,8988;2,904;3,21116;3,21694;3,79342;3,8132;129,72842692;7,5
2016-07-22;9,12;10,69;10,49;10,18;9,02;9,92;2,98186;2,98728;3,29576;3,3017;3,9387;3,95924;129,98063258;7,5
2016-07-29;8,97;10,76;10,53;10,96;9,35;9,89;3,03574;3,04116;3,34524;3,35128;3,98168;4,00242;129,82259867;7,5
2016-08-05;9,02;10,76;10,71;9,93;9,3;9,89;3,00272;3,00812;3,3505;3,35656;3,9692;3,9899;129,12970231;7,5
2016-08-12;9,05;10,75;11,12;11,25;9,92;9,87;2,97594;2,9813;3,31064;3,31662;3,87504;3,89526;127,07205308;7,5
2016-08-19;8,94;10,73;10,79;10,06;9,88;9,94;2,93868;2,94398;3,3015;3,30746;3,81196;3,83178;126,45299769;7,5
2016-08-26;8,96;10,84;11,33;11,03;10,22;10,01;2,94162;2,94694;3,32536;3,33134;3,86556;3,8857;125,28493188;7,5
2016-09-02;8,91;10,67;10,82;9,26;9,78;9,78;2,9496;2,954875;3,300475;3,306425;3,874625;3,89485;125,97176403;7,5
2016-09-09;9,12;10,83;10,95;9,17;9,6;10,05;2,94092;2,94622;3,29592;3,30184;3,91496;3,93534;126,77797178;7,5
2016-09-16;9,04;10,07;9,58;8,7;9,27;9,48;2,9552;2,9605;3,33;3,336;3,9259;3,9463;125,57572712;7,5
2016-09-23;9,05;10,87;11,13;10,81;10,21;10,08;2,96732;2,97262;3,3212;3,32718;3,86912;3,8893;127,44586464;7,5
2016-09-30;8,99;10,88;10,86;10,74;9,33;10,02;2,97504;2,98042;3,33922;3,34524;3,85638;3,8765;126,87928476;7,5
2016-10-07;8,94;10,8;9,95;8,77;9,8;9,89;3,02752;3,03298;3,39046;3,39656;3,86992;3,89006;123,35597948;7,5
2016-10-14;8,98;10,76;10,21;10,41;9,77;9,83;3,0734;3,07896;3,40842;3,41456;3,77592;3,79562;124,01748605;7,5
2016-10-21;8,95;10,53;10,7;8,76;9,25;9,7;3,08422;3,08982;3,39116;3,39726;3,7692;3,78886;125,51509753;7,5
2016-10-28;8,96;10,53;10,7;9,59;9,04;9,75;3,08026;3,08582;3,35718;3,36324;3,7591;3,77872;127,60845762;7,5
2016-11-04;9,0;10,56;10,71;9,06;8,88;9,77;3,1049;3,1105;3,41818;3,42434;3,79972;3,81952;132,32123716;7,5
2016-11-11;8,98;10,42;10,63;10,18;8,95;9,68;3,17058;3,17628;3,50268;3,509;3,93394;3,95448;127,97824956;7,5
2016-11-18;8,91;10,54;10,29;9,75;9,49;9,64;3,28496;3,29086;3,53932;3,5457;4,09822;4,1196;130,66331591;7,5
2016-11-25;8,84;10,17;10,62;10,02;10,69;9,5;3,38066;3,38672;3,58666;3,59312;4,18882;4,21066;131,20822943;7,5
2016-12-02;8,91;10,35;10,32;10,71;10,06;9,59;3,42878;3,43498;3,64082;3,64738;4,27072;4,29298;133,18099747;8,0
2016-12-09;8,79;10,43;10,58;11,07;10,47;9,57;3,46978;3,47604;3,71596;3,72264;4,38986;4,41274;129,41260586;8,0
2016-12-16;8,56;10,49;11,2;10,95;9,85;9,45;3,4872;3,49348;3,69204;3,69868;4,39154;4,41446;127,77741217;8,0
2016-12-23;8,73;10,51;10,18;11,31;10,64;9,6;3,50316;3,50948;3,65322;3,65978;4,33404;4,35664;128,14783073;8,0
2016-12-30;8,52;10,64;10,94;11,41;10,31;9,64;3,518;3,52434;3,67674;3,68338;4,30836;4,33086;130,34586442;8,0
2017-01-06;8,51;10,49;10,45;10,99;10,35;9,5;3,5593;3,56574;3,73124;3,73796;4,3693;4,39206;137,06735306;8,0
2017-01-13;8,43;10,49;10,97;10,46;10,92;9,43;3,7541;3,76088;3,97178;3,97896;4,5795;4,60336;143,19770297;8,0
2017-01-20;8,65;10,5;11,21;10,69;10,08;9,49;3,78298;3,78978;4,0288;4,03604;4,60836;4,63238;146,38568544;8,0
2017-01-27;8,72;10,42;10,97;10,87;11,44;9,57;3,79506;3,80188;4,06824;4,07556;4,72896;4,75362;148,02096825;8,0
2017-02-03;8,68;10,75;10,87;10,7;10,02;9,68;3,80118;3,80802;4,08066;4,08804;4,7669;4,79176;144,95218682;8,0
2017-02-10;8,85;10,86;11,12;11,5;11,08;9,9;3,71514;3,72188;3,97606;3,9832;4,62956;4,65368;146,50555011;8,0
2017-02-17;8,86;11,0;11,01;10,77;10,57;9,96;3,66556;3,67216;3,89248;3,8995;4,56974;4,59356;143,85284619;8,0
2017-02-24;8,72;11,09;10,79;10,85;10,04;9,8;3,6182;3,62472;3,8275;3,83438;4,4974;4,52086;145,64028836;8,0
2017-03-03;8,68;10,73;10,9;10,58;10,84;9,73;3,61556;3,62204;3,82094;3,82784;4,47802;4,50138;146,83471392;8,0
2017-03-10;8,91;10,94;10,35;11,09;11,11;9,87;3,71446;3,72114;3,9237;3,93078;4,5273;4,5509;144,4032199;8,0
2017-03-17;9,0;11,09;10,96;10,92;10,51;10,01;3,72638;3,73312;3,97042;3,97758;4,53744;4,56108;143,59188038;8,0
2017-03-24;9,11;11,3;10,43;12,71;11,75;10,19;3,61628;3,6228;3,89824;3,90526;4,48788;4,51126;144,40278554;8,0
2017-03-31;9,35;11,49;11,39;11,48;10,81;10,42;3,62208;3,6286;3,9146;3,92162;4,5193;4,54286;145,97449517;8,0
2017-04-07;9,28;11,49;11,46;12,41;11,74;10,37;3,66032;3,66692;3,90462;3,91166;4,5569;4,58064;150,36691493;8,0
2017-04-14;9,69;11,64;12,0;12,19;11,97;10,64;3,69896;3,70562;3,92604;3,93314;4,60088;4,62486;154,1522522;8,0
2017-04-21;9,71;11,83;12,68;12,68;12,34;10,78;3,66446;3,67102;3,9126;3,91966;4,6321;4,65624;150,29315366;8,0
2017-04-28;9,79;12,07;13,17;13,36;12,95;10,93;3,5916;3,59804;3,89714;3,90416;4,59944;4,62344;144,80685622;8,0
2017-05-05;9,73;12,12;13,45;13,68;13,0;10,96;3,53995;3,546275;3,8636;3,87055;4,561125;4,584875;139,98091094;8,0
2017-05-12;10,05;12,45;14,07;13,53;11,98;11,39;3,57438;3,58084;3,90118;3,9082;4,61812;4,64222;141,01851019;8,0
2017-05-19;10,14;12,73;13,4;13,78;11,96;11,38;3,5606;3,567;3,912975;3,920025;4,58805;4,61195;144,45008926;8,0
2017-05-26;10,41;12,57;12,85;14,1;12,52;11,62;3,57254;3,57896;3,99956;4,00676;4,63064;4,65478;145,69182986;8,0
2017-06-02;10,22;12,81;12,49;13,89;12,54;11,43;3,55378;3,5602;3,97838;3,98554;4,55752;4,58126;144,25873367;8,0
2017-06-09;10,56;12,56;13,5;14,61;12,82;11,66;3,52484;3,53118;3,96326;3,97042;4,54152;4,5652;143,97494141;8,0
2017-06-16;10,63;12,94;14,43;13,77;12,01;11,89;3,51482;3,52118;3,93644;3,94354;4,4643;4,4876;141,153389;8,0
2017-06-23;10,91;13,23;12,94;14,71;12,74;12,15;3,51774;3,52408;3,92768;3,93474;4,46344;4,48672;141,71092538;8,0
2017-06-30;10,8;13,07;13,72;14,52;11,36;12,05;3,5094;3,51573333;3,9715;3,97866667;4,4983;4,52176667;140,4381949;8,0
2017-07-07;10,76;13,06;13,05;14,18;12,91;11,94;3,55954;3,56594;4,0471;4,05442;4,60266;4,62662;141,05412859;8,0
2017-07-14;10,82;12,91;12,78;14,39;11,66;11,94;3,60668;3,61314;4,1167;4,12412;4,6432;4,66742;139,72700393;8,0
2017-07-21;10,93;12,7;13,52;13,65;11,06;11,87;3,5363;3,5427;4,0624;4,06972;4,59656;4,6205;142,65238949;8,0
2017-07-28;10,81;12,91;12,83;13,71;11,34;11,81;3,54308;3,54948;4,13146;4,13892;4,61438;4,63844;143,89773493;8,0
2017-08-04;10,84;12,73;13,35;12,81;11,38;11,86;3,52708;3,53346;4,15762;4,16508;4,6381;4,66224;142,72949447;8,0
2017-08-11;10,89;12,79;13,74;13,41;11,74;11,93;3,53168;3,53804;4,16376;4,1713;4,59908;4,62304;146,55944724;8,0
2017-08-18;10,9;12,89;13,47;12,58;10,83;11,98;3,52858;3,53492;4,14642;4,1539;4,55222;4,57596;145,18514528;8,0
2017-08-25;10,88;12,83;12,5;12,75;10,95;11,89;3,50064;3,50694;4,11898;4,1264;4,48962;4,51302;142,93383819;8,0
2017-09-01;10,82;12,56;12,75;12,76;12,98;11,6;3,44916;3,45536;4,12866;4,13606;4,44878;4,47196;146,07424965;8,0
2017-09-08;10,69;12,67;12,76;12,58;10,79;11,74;3,43628;3,44248;4,1143;4,12168;4,45702;4,48024;147,63678484;8,0
2017-09-15;10,87;12,76;13,12;12,74;11,53;11,93;3,42348;3,42966;4,10176;4,10914;4,5196;4,54318;145,85934297;8,0
2017-09-22;10,97;12,89;12,98;12,29;10,95;11,97;3,47212;3,47836;4,15094;4,15844;4,68722;4,71166;145,83862888;8,0
2017-09-29;10,96;13,08;12,92;13,62;11,73;12,15;3,5349;3,54126;4,18484;4,19238;4,75218;4,77696;146,66585068;8,0
2017-10-06;10,83;13,1;13,02;12,03;12,11;11,74;3,56754;3,574;4,19622;4,2038;4,7314;4,75608;148,43412284;8,0
2017-10-13;11,01;12,74;12,59;13,06;10,46;11,94;3,66022;3,66684;4,31206;4,31982;4,80858;4,8336;152,39644077;8,0
2017-10-20;11,17;12,8;13,32;12,33;10,55;12,02;3,65548;3,66208;4,31012;4,31788;4,82988;4,85506;151,11837529;8,0
2017-10-27;11,24;12,86;12,99;12,38;11,39;12,04;3,71322;3,7199;4,37356;4,38144;4,88766;4,91312;155,09359069;8,0
2017-11-03;11,04;13,02;13,09;12,85;11,29;11,96;3,7956;3,80246;4,41666;4,42462;5,00268;5,0288;158,68641926;8,0
2017-11-10;11,2;12,98;13,56;13,32;10,99;12,01;3,85352;3,86046;4,47312;4,48116;5,04456;5,07084;158,24479146;8,0
2017-11-17;11,23;13,0;13,05;13,62;12,62;12,14;3,86974;3,87668;4,5355;4,54366;5,07494;5,10142;161,07137026;8,0
2017-11-24;11,28;13,04;13,22;12,54;12,54;12,17;3,91906;3,92612;4,6166;4,62492;5,1866;5,21364;163,56401674;8,0
2017-12-01;11,2;13,04;13,16;13,33;13,95;12,07;3,93518;3,94228;4,67426;4,68268;5,25002;5,27736;160,94315009;8,0
2017-12-08;11,16;13,28;13,47;14,53;13,16;12,15;3,8855;3,89246;4,60362;4,61194;5,20848;5,23564;153,79484981;8,0
2017-12-15;11,2;13,42;13,6;13,45;13,68;12,22;3,83622;3,84314;4,51774;4,52588;5,1304;5,15714;155,68797347;8,0
2017-12-22;11,4;13,62;14,44;14,38;14,32;12,59;3,84024;3,84714;4,53886;4,54702;5,13064;5,1574;155,98217084;8,0
2017-12-29;11,22;13,85;14,48;14,85;13,52;12,75;3,8106;3,81746;4,5271;4,53528;5,0956;5,12218;158,76557684;8,0
2018-01-05;11,06;13,44;12,96;13,58;12,19;12,19;3,76614;3,77292;4,52442;4,53262;5,08696;5,11348;158,22893934;8,0
2018-01-12;11,26;13,55;13,39;14,06;12,95;12,32;3,76454;3,7713;4,50912;4,51728;5,08304;5,10956;161,01287146;8,0
2018-01-19;11,24;13,4;13,64;15,09;11,47;12,39;3,7895;3,79636;4,6244;4,63274;5,20224;5,22934;162,78688561;8,0
2018-01-26;11,28;13,34;13,25;13,58;14,17;12,32;3,77456;3,78136;4,6431;4,65144;5,28286;5,3104;162,61874779;8,0
2018-02-02;11,21;13,58;13,45;14,36;11,37;12,4;3,76002;3,7668;4,67168;4,68006;5,31428;5,34198;161,41582924;8,0
2018-02-09;11,33;13,53;13,37;13,99;13,94;12,47;3,77318;3,77998;4,67544;4,68384;5,28104;5,30854;161,44622089;8,0
2018-02-16;11,27;13,44;13,23;13,88;12,96;12,37;3,79688;3,80372;4,68574;4,69418;5,27494;5,30246;162,15410433;8,0
2018-02-23;11,61;13,43;13,58;13,32;13,99;12,51;3,77182;3,77862;4,66884;4,67726;5,26712;5,29458;161,786776;8,0
2018-03-02;11,28;13,24;12,67;13,6;12,12;12,24;3,78964;3,79644;4,65214;4,66054;5,26696;5,29442;161,77446085;8,0
2018-03-09;11,47;13,48;12,98;13,14;11,77;12,48;3,8052;3,81202;4,69888;4,70736;5,2562;5,28358;161,99795413;8,0
2018-03-16;11,54;13,65;13,38;13,47;11,9;12,56;3,84694;3,85386;4,74708;4,7556;5,33704;5,36482;165,54986354;8,0
2018-03-23;11,73;13,54;14,57;13,53;11,88;12,67;3,9224;3,92948;4,82844;4,83714;5,49476;5,5234;172,4774276;8,0
2018-03-30;11,75;13,72;14,48;14,55;12,26;12,81;3,97974;3,9869;4,92418;4,93302;5,6159;5,64518;168,50708359;8,0
2018-04-06;11,51;13,54;13,87;13,52;10,01;12,52;3,98342;3,9906;4,90086;4,9097;5,5901;5,61926;173,40108962;8,0
2018-04-13;11,79;13,49;13,48;14,69;11,39;12,63;4,09064;4,098;5,03702;5,0461;5,77034;5,80044;177,22541472;8,0
2018-04-20;11,71;13,86;12,81;13,9;10,33;12,72;4,07924;4,0866;5,04302;5,05206;5,80932;5,8396;175,00655798;8,0
2018-04-27;11,77;13,45;13,13;14,43;12,62;12,63;4,05876;4,06612;4,9685;4,97746;5,66876;5,69832;171,96971186;8,0
2018-05-04;11,58;13,77;14,33;14,01;13,12;12,66;4,08898;4,09636;4,9302;4,93906;5,59508;5,62426;178,48860951;8,0
2018-05-11;11,76;13,82;13,81;13,63;13,74;12,82;4,26938;4,27706;5,08158;5,09076;5,7731;5,8032;182,92228025;8,0
2018-05-18;11,92;13,92;13,75;13,69;13,47;12,94;4,374;4,38188;5,19924;5,20862;5,90884;5,93964;186,67817802;8,0
2018-05-25;12,61;14,17;13,8;14,54;12,87;13,27;4,62918;4,63748;5,44272;5,45258;6,20204;6,23436;197,03265958;8,0
2018-06-01;12,8;14,49;13,78;16,18;13,41;13,64;4,57554;4,58376;5,33054;5,3401;6,07874;6,11044;193,35132126;8,0
2018-06-08;13,78;15,33;14,78;16,93;15,43;14,51;4,59726;4,60554;5,39502;5,40472;6,1397;6,1717;186,50032076;8,0
2018-06-15;14,25;16,4;15,98;18,28;16,63;15,21;4,553375;4,561575;5,36065;5,37035;6,0816;6,1133;194,39721527;8,0
2018-06-22;14,74;16,93;16,11;19,38;13,84;15,9;4,72384;4,73232;5,48038;5,49026;6,2314;6,2639;190,86857891;8,0
2018-06-29;14,85;17,35;18,28;19,96;15,02;16,21;4,65292;4,6613;5,4153;5,42506;6,14072;6,17272;184,6862046;8,0
2018-07-06;14,91;16,99;17,75;17,76;14,71;15,99;4,63612;4,64446;5,40378;5,41354;6,10284;6,13464;184,47856742;17,75
2018-07-13;15,34;17,4;17,73;18,76;16,12;16,33;4,68044;4,68886;5,48492;5,49482;6,1946;6,2269;193,76812428;17,75
2018-07-20;15,52;17,37;18,73;16,54;15,22;16,38;4,8256;4,83428;5,62598;5,6361;6,32974;6,3627;189,7620004;17,75
2018-07-27;15,66;17,91;17,25;16,91;15,14;16,76;4,80072;4,80938;5,61402;5,62416;6,28984;6,32264;190,69161259;17,75
2018-08-03;15,41;17,62;17,33;16,94;15,27;16,45;4,92288;4,93174;5,74408;5,75446;6,44414;6,47772;198,4014083;17,75
2018-08-10;15,79;18,02;17,41;16,8;15,24;16,83;5,23354;5,24298;6,0619;6,07282;6,76082;6,7961;249,55188058;17,75
2018-08-17;16,76;18,74;17,09;16,79;15,83;17,69;6,25988;6,27118;7,13062;7,14348;7,96584;8,00736;229,36134651;17,75
2018-08-24;16,34;17,47;16,43;15,21;15,08;16,64;5,9944;6,0052;6,8267;6,839;7,6094;7,6491;232,89740136;17,75
2018-08-31;17,38;19,5;16,56;17,48;16,81;18,48;6,20235;6,2135;7,190525;7,20345;7,9473;7,9887;252,73630876;17,75
2018-09-07;18,3;20,64;19,23;18,76;18,89;19,41;6,6239;6,63584;7,68914;7,703;8,52734;8,57178;246,60683194;17,75
2018-09-14;21,15;23,33;21,05;25,04;22,5;22,16;6,42544;6,43702;7,45466;7,46812;8,33806;8,38156;236,56349569;17,75
2018-09-21;22,59;27,2;26,25;24,95;26,07;24,99;6,2543;6,26554;7,31048;7,32366;8,20852;8,25132;242,71307341;17,75
2018-09-28;22,78;25,4;24,38;25,88;25,03;23,95;6,16384;6,17496;7,24444;7,25748;8,09272;8,13488;232,3125497;17,75
2018-10-05;22,57;25,26;25,16;24,97;23,24;23,94;6,02352;6,03436;6,96204;6,97458;7,82206;7,86282;237,69091178;24,0
2018-10-12;22,91;25,22;24,88;25,71;23,57;24,11;6,09866;6,10964;7,01278;7,02542;7,97682;8,01838;229,68092107;24,0
2018-10-19;22,89;25,2;25,64;25,14;24,52;24,09;5,74544;5,75582;6,64426;6,65624;7,55166;7,59104;222,3841008;24,0
2018-10-26;23,04;25,58;25,75;26,16;23,46;24,3;5,68584;5,69606;6,51302;6,52476;7,36826;7,40672;221,68379401;24,0
2018-11-02;22,36;24,47;25,61;25,22;23,6;23,28;5,55185;5,56185;6,307325;6,3187;7,094525;7,131525;215,13367824;24,0
2018-11-09;22,37;24,39;25,66;24,95;24,02;23,49;5,40342;5,4132;6,17358;6,18468;7,0509;7,08766;211,85187241;24,0
2018-11-16;21,9;23,86;25,66;25,07;23,68;22,98;5,4631;5,47294;6,16706;6,17816;7,04882;7,08556;208,85373108;24,0
2018-11-23;21,92;23,92;25,38;25,08;23,5;23,06;5,32882;5,3384;6,07414;6,08508;6,82226;6,8578;207,5034909;24,0
2018-11-30;21,66;23,99;25,46;25,13;23,68;23,02;5,23432;5,24374;5,9375;5,9482;6,68956;6,72446;204,32929952;24,0
2018-12-07;21,14;23,14;23,97;22,23;22,99;22,0;5,2708;5,2803;5,9877;5,99848;6,71274;6,74774;212,33688783;24,0
2018-12-14;21,44;23,08;23,04;24,13;21,36;22,23;5,33632;5,34594;6,07004;6,08096;6,73902;6,77416;213,15661245;24,0
2018-12-21;21,52;23,08;23,34;24,05;20,47;22,24;5,33788;5,3475;6,06948;6,08044;6,73296;6,76804;214,27219131;24,0
2018-12-28;21,43;23,59;24,07;23,85;22,39;22,51;5,28854;5,29808;6,02964;6,0405;6,6911;6,72598;216,6596328;24,0
2019-01-04;20,85;22,85;22,47;22,72;20,88;21,71;5,333075;5,342675;6,0955;6,10645;6,74435;6,779525;220,03901939;24,0
2019-01-11;20,75;22,38;21,68;21,62;20,25;21,41;5,43096;5,44074;6,22224;6,23344;6,90444;6,9404;225,68184136;24,0
2019-01-18;20,17;21,66;21,07;21,26;19,7;20,87;5,42692;5,4367;6,21322;6,22444;6,95904;6,99528;219,30912356;24,0
2019-01-25;19,97;21,45;20,46;21,19;18,47;20,6;5,32268;5,3323;6,05258;6,0635;6,87902;6,91488;220,841598;24,0
2019-02-01;19,58;21,16;20,66;20,79;17,25;20,28;5,27266;5,28218;6,02128;6,03212;6,91028;6,9463;220,42029137;24,0
2019-02-08;19,39;21,13;20,07;19,78;18,16;20,17;5,21228;5,22168;5,9485;5,9592;6,76878;6,80406;221,53042161;24,0
2019-02-15;19,22;20,64;20,1;19,14;17,46;19,83;5,25856;5,26802;5,94498;5,9557;6,7681;6,80338;223,77950751;24,0
2019-02-22;19,23;20,68;19,74;20,43;17,57;19,88;5,2936;5,30312;5,99028;6,00106;6,8426;6,87828;226,7654517;24,0
2019-03-01;18,97;20,48;19,95;19,13;18,45;19,63;5,30514;5,3147;6,03072;6,04162;6,97546;7,01184;223,31182725;24,0
2019-03-08;18,71;20,62;19,26;20,1;17,83;19,43;5,37986;5,38954;6,09616;6,10712;7,0837;7,12062;226,66247025;24,0
2019-03-15;19,03;20,63;19,1;19,4;17,9;19,69;5,44776;5,45758;6,13774;6,14882;7,14256;7,17978;227,96403777;24,0
2019-03-22;19,11;20,45;19,13;19,83;17,67;19,62;5,45684;5,4667;6,19658;6,20772;7,2116;7,2492;243,31696937;24,0
2019-03-29;19,51;20,5;18,22;19,65;17,79;19,9;5,50814;5,51804;6,22152;6,23274;7,24568;7,28346;231,21357951;24,0
2019-04-05;19,2;20,78;18,77;18,55;16,78;19,81;5,60394;5,61402;6,29166;6,30298;7,33214;7,37036;233,47498599;24,0
2019-04-12;19,52;20,5;18,22;18,65;17,26;19,87;5,66018;5,6704;6,3722;6,38366;7,38902;7,42752;239,32113467;24,0
2019-04-19;20,59;21,97;20,48;21,22;18,46;21,13;5,78184;5,79226;6,53294;6,54472;7,54152;7,5808;238,24355533;24,0
2019-04-26;21,03;21,93;20,11;19,77;18,32;21,35;5,842475;5,852975;6,55025;6,56205;7,555125;7,594525;245,50247257;24,0
2019-05-03;21,07;22,32;21,02;19,05;21,81;21,55;5,941225;5,951975;6,64015;6,652125;7,692125;7,73225;245,17185262;24,0
2019-05-10;21,73;22,9;22,0;20,93;18,98;22,17;6,0925;6,10348;6,8169;6,82918;7,93638;7,97776;247,05560634;24,0
2019-05-17;22,04;22,87;20,67;21,63;18,99;22,34;6,05844;6,06934;6,79876;6,81104;7,82726;7,86808;248,54268768;24,0
2019-05-24;22,49;23,1;21,34;21,56;22,38;22,7;6,06604;6,07698;6,7671;6,77928;7,69162;7,73172;251,21045873;24,0
2019-05-31;22,41;23,28;20,53;24,08;18,67;22,72;6,0179;6,02878;6,72398;6,73604;7,60992;7,64962;244,75849079;24,0
2019-06-07;21,68;22,42;20,43;20,95;18,59;21,93;5,8613;5,8718;6,532;6,5438;7,3696;7,408;251,224294;24,0
2019-06-14;22,27;23,86;21,36;22,69;20,51;22,93;5,80952;5,81998;6,56508;6,57692;7,36696;7,40536;254,19563494;24,0
2019-06-21;22,39;23,27;21,62;24,04;19,84;22,73;5,83538;5,8459;6,55834;6,57018;7,34642;7,38472;261,72030517;24,0
2019-06-28;22,34;23,55;23,37;22,73;18,77;22,89;5,77116;5,78156;6,55722;6,56902;7,32322;7,3614;262,18562261;24,0
2019-07-05;21,45;23,33;22,39;22,16;18,67;22,26;5,66476;5,675;6,41068;6,42224;7,13778;7,17502;253,22269117;24,0
2019-07-12;21,39;22,6;21,47;21,92;18,16;21,85;5,68804;5,6983;6,39138;6,4029;7,10504;7,14208;260,14947499;24,0
2019-07-19;21,28;22,26;20,84;20,02;18,16;21,69;5,6946;5,70485;6,397925;6,40945;7,08675;7,123725;259,06020706;24,0
2019-07-26;19,53;20,85;19,58;19,41;16,54;20,09;5,6782;5,6884;6,35036;6,36182;7,07494;7,11182;258,56686735;24,0
2019-08-02;18,47;19,26;16,32;17,68;15,15;18,75;5,59174;5,6018;6,21708;6,22824;6,83406;6,86964;257,45699378;19,75
2019-08-09;18,09;18,7;17,85;15,85;14,04;18,31;5,52572;5,53568;6,1718;6,18292;6,7017;6,73664;264,21551111;19,75
2019-08-16;17,84;17,86;15,78;14,7;13,08;17,82;5,52615;5,53605;6,17445;6,1856;6,6759;6,7107;271,35897714;19,75
2019-08-23;17,21;17,97;15,91;15,26;14,16;17,51;5,65586;5,66602;6,2723;6,28358;6,84736;6,88308;282,35151602;19,75
2019-08-30;16,79;17,41;14,85;14,31;12,91;17,01;5,79545;5,805875;6,4302;6,4418;7,0777;7,1146;284,94634497;19,75
2019-09-06;16,14;17,31;15,58;15,38;14,52;16,62;5,74624;5,7566;6,32552;6,3369;6,9705;7,00686;276,64384128;19,75
2019-09-13;15,08;16,69;15,0;15,12;13,3;15,66;5,73418;5,74452;6,32428;6,33564;7,0576;7,0944;272,09253578;19,75
2019-09-20;14,65;14,91;13,33;13,89;12,67;14,71;5,69438;5,70466;6,29512;6,30648;7,07504;7,1119;279,95793317;19,75
2019-09-27;14,42;14,78;13,28;13,24;12,57;14,56;5,68712;5,69734;6,25146;6,26268;7,0604;7,0972;272,84548601;19,75
2019-10-04;13,63;14,19;11,83;12,91;12,08;13,83;5,67828;5,68852;6,20272;6,2139;6,9661;7,0024;275,54753622;16,5
2019-10-11;13,52;13,97;12,45;12,29;11,66;13,68;5,78754;5,79798;6,35918;6,37062;7,0909;7,12782;281,58563325;16,5
2019-10-18;13,44;14,04;11,31;12,29;12,96;13,63;5,88244;5,89302;6,49468;6,50638;7,43542;7,4742;277,43223078;16,5
2019-10-25;12,5;13,59;11,58;12,55;11,26;12,9;5,78492;5,79532;6,44286;6,4545;7,45762;7,4965;279,26438026;16,5
2019-11-01;11,95;12,74;11,14;11,4;10,6;12,25;5,74035;5,7507;6,386975;6,398475;7,37915;7,4176;277,40408369;14,0
2019-11-08;11,62;12,38;10,99;11,58;10,49;11,93;5,72296;5,7333;6,36524;6,37674;7,37322;7,4117;270,25513467;14,0
2019-11-15;11,41;12,24;9,95;11,48;10,43;11,73;5,75882;5,76918;6,34728;6,35872;7,3764;7,41486;271,00589383;14,0
2019-11-22;11,29;12,22;10,47;11,26;10,73;11,62;5,71572;5,726;6,32166;6,33306;7,37474;7,4132;268,48067084;14,0
2019-11-29;11,11;11,75;11,02;11,14;10,16;11,35;5,732;5,7423;6,3189;6,33028;7,3753;7,41374;270,38281457;14,0
2019-12-06;10,85;11,73;10,47;10,68;10,44;11,17;5,74084;5,75116;6,3448;6,35622;7,44566;7,48448;271,03727748;14,0
2019-12-13;10,3;11,47;10,65;10,87;10,8;10,77;5,78456;5,795;6,41614;6,4277;7,60022;7,63982;275,51579731;14,0
2019-12-20;9,96;10,76;9,72;10,52;10,94;10,24;5,85742;5,86798;6,5284;6,54014;7,74218;7,78254;281,92295673;14,0
2019-12-27;9,83;10,53;10,17;10,11;10,5;10,1;5,9273;5,938;6,5741;6,58598;7,68344;7,72352;288,72480547;14,0
2020-01-03;9,59;10,46;8,76;9,75;9,85;9,88;5,94125;5,95195;6,64685;6,6588;7,790425;7,83105;297,97142452;12,0
2020-01-10;9,48;10,33;9,49;10,27;9,33;9,81;5,9452;5,95592;6,63002;6,64196;7,78324;7,82382;295,13928507;12,0
2020-01-17;9,17;10,33;9,25;9,54;9,25;9,6;5,87128;5,88188;6,53446;6,54624;7,63232;7,67214;294,6623542;12,0
2020-01-24;9,17;9,95;8,86;9,58;8,52;9,44;5,90358;5,91422;6,55144;6,56322;7,69432;7,73444;299,99681368;12,0
2020-01-31;9,15;9,93;8,86;9,37;8,48;9,45;5,94228;5,95298;6,54932;6,56114;7,74156;7,7819;305,69688223;12,0
2020-02-07;8,92;9,8;8,25;9,16;9,36;9,22;5,97476;5,98552;6,59428;6,60616;7,7824;7,82298;303,60833999;11,25
2020-02-14;9,05;9,92;8,29;10,08;8,91;9,35;6,01344;6,0243;6,56844;6,5803;7,76842;7,8089;308,28576099;11,25
2020-02-21;8,92;9,87;8,25;8,8;8,49;9,24;6,05608;6,067;6,55326;6,56506;7,85552;7,8965;322,0551504;11,25
2020-02-28;9,02;9,92;9,02;9,3;8,65;9,34;6,1336;6,14466;6,65962;6,67162;7,91872;7,96;317,96054838;11,25
2020-03-06;8,83;10,09;9,05;9,04;9,23;9,28;6,1614;6,17252;6,84182;6,85414;7,89188;7,933;327,66793702;10,75
2020-03-13;9,02;10,02;8,86;9,85;8,56;9,36;6,13672;6,14776;6,95204;6,96456;7,94614;7,98756;311,23274753;10,75
2020-03-20;9,0;10,0;9,15;8,91;9,24;9,36;6,41066;6,4222;7,08454;7,09734;7,75376;7,79418;315,47240532;10,75
2020-03-27;9,04;10,23;9,3;9,25;8,61;9,43;6,4846;6,49628;7,01114;7,02378;7,62622;7,66598;337,37492151;10,75
2020-04-03;8,77;10,29;8,74;8,51;8,81;9,27;6,56604;6,57788;7,21516;7,22816;8,09364;8,13582;349,99722989;9,75
2020-04-10;8,98;10,17;8,94;9,34;8,69;9,38;6,73828;6,75044;7,30602;7,31916;8,2976;8,34086;364,44178019;9,75
2020-04-17;8,91;10,23;9,09;8,93;8,39;9,35;6,7965;6,80874;7,42528;7,43868;8,48732;8,53158;374,29300183;9,75
2020-04-24;8,39;9,54;8,15;8,83;8,54;8,76;6,937825;6,95035;7,52775;7,54135;8,592275;8,6371;385,82914396;9,75
2020-05-01;7,93;8,82;8,14;8,21;6,33;8,2;6,9733;6,985875;7,55335;7,56695;8,6444;8,689475;382,44932131;8,75
2020-05-08;7,29;8,44;8,11;8,23;6,97;7,69;7,07926;7,09204;7,68492;7,69874;8,783;8,8288;387,11444394;8,75
2020-05-15;7,26;8,2;7,6;8,08;6,6;7,58;7,02178;7,03444;7,60364;7,6173;8,63334;8,67834;386,19067853;8,75
2020-05-22;7,11;8,03;7,44;7,71;6,6;7,45;6,834025;6,84635;7,4397;7,45315;8,320225;8,363575;379,84730665;8,75
2020-05-29;7,04;8,04;7,33;7,29;8,25;7,35;6,7806;6,79283333;7,43673333;7,4501;8,29273333;8,33596667;378,74455474;8,75
2020-06-05;6,95;8,15;8,05;7,82;5,62;7,35;6,77596;6,78814;7,56528;7,57894;8,4387;8,48272;365,41786994;8,25
2020-06-12;7,02;8,06;7,33;7,19;6,47;7,4;6,77438;6,7866;7,67404;7,68786;8,57952;8,62422;378,72632067;8,25
2020-06-19;7,02;8,19;7,37;7,96;6,73;7,41;6,82798;6,84028;7,7004;7,7143;8,5687;8,6134;383,8931955;8,25
2020-06-26;7,0;8,08;8,0;8,2;7,16;7,37;6,84376;6,85608;7,69778;7,71168;8,5026;8,54694;390,15135155;8,25
2020-07-03;6,99;8,07;7,87;7,88;6,71;7,37;6,84262;6,85494;7,69126;7,7051;8,45882;8,5029;391,16709252;8,25
2020-07-10;6,96;8,18;7,98;7,52;6,94;7,37;6,84922;6,86156;7,73022;7,74414;8,56488;8,60952;396,96134523;8,25
2020-07-17;6,96;8,17;7,84;7,53;7,39;7,35;6,8504;6,862775;7,768625;7,782625;8,596925;8,64175;398,7916936;8,25
2020-07-24;6,95;8,21;7,88;7,54;7,1;7,39;6,84052;6,85288;7,85782;7,87194;8,63674;8,68176;418,24413533;8,25
2020-07-31;6,87;8,16;7,51;7,72;7,03;7,24;6,873375;6,88575;8,038825;8,053325;8,820325;8,866325;442,74086458;8,25
2020-08-07;7,34;8,7;7,91;7,94;7,3;7,79;7,004275;7,0169;8,268375;8,28325;9,142875;9,190525;477,00967597;8,25
2020-08-14;8,1;10,06;7,72;8,73;8,93;8,79;7,28304;7,29614;8,5862;8,60168;9,50464;9,5542;459,37180222;8,25
2020-08-21;8,87;10,93;9,28;8,12;9,24;9,57;7,3446;7,35782;8,7163;8,73202;9,63278;9,683;457,20039827;8,25
2020-08-28;8,83;11,44;10,78;8,77;9,66;9,75;7,3167;7,32988;8,64802;8,66362;9,60712;9,6572;463,14700259;8,25
2020-09-04;9,22;11,76;10,69;9,04;9,78;9,93;7,34578;7,35902;8,73832;8,75408;9,7794;9,8304;462,34119267;8,25
2020-09-11;9,37;11,58;10,86;10,2;10,27;10,19;7,44484;7,4583;8,79674;8,81258;9,73632;9,78712;466,06054928;8,25
2020-09-18;9,48;11,93;10,51;10,68;10,63;10,35;7,47166;7,4851;8,8553;8,8712;9,61334;9,66346;473,80722048;8,25
2020-09-25;10,14;11,85;10,59;10,53;10,54;10,68;7,6103;7,62404;8,9429;8,95902;9,74066;9,79146;458,31017837;8,25
2020-10-02;10,1;12,25;10,95;11,99;11,53;10,87;7,71202;7,72594;9,0162;9,03246;9,88198;9,9335;473,30337617;10,25
2020-10-09;10,24;12,18;10,8;11,05;11,92;10,84;7,7849;7,7989;9,15174;9,16822;10,04892;10,10132;487,3516616;10,25
2020-10-16;10,38;12,09;10,58;12,79;10,04;10,96;7,89688;7,91114;9,29414;9,31088;10,23454;10,2879;484,13313275;10,25
2020-10-23;10,59;12,42;10,34;11,24;11,73;11,19;7,85744;7,87162;9,2632;9,27988;10,19936;10,25252;486,60946528;10,25
2020-10-30;10,79;12,5;10,31;12,67;11,89;11,34;8,05215;8,066625;9,520325;9,5375;10,48485;10,5395;503,77640097;10,25
2020-11-06;11,26;13,3;11,07;11,7;12,09;11,87;8,40716;8,4223;9,82848;9,84618;10,88128;10,93802;534,42204506;10,25
2020-11-13;11,89;13,19;11,18;13,2;12,57;12,28;8,14244;8,15714;9,63024;9,6476;10,72382;10,77972;463,97352104;10,25
2020-11-20;13,36;14,09;11,89;13,49;13,39;13,58;7,6867;7,70056;9,10838;9,12482;10,14562;10,19854;458,94637963;10,25
2020-11-27;14,05;15,47;14,55;13,61;14,78;14,59;7,81816;7,83228;9,29338;9,31012;10,40932;10,4636;450,16977009;10,25
2020-12-04;14,09;15,38;15,73;16,0;15,01;14,51;7,81662;7,83072;9,38804;9,40496;10,4292;10,48358;460,7269505;15,0
2020-12-11;14,43;16,12;16,55;16,02;16,33;14,95;7,81916;7,83322;9,4786;9,49568;10,43478;10,48916;464,40151478;15,0
2020-12-18;14,6;15,98;15,73;15,59;15,76;15,04;7,83524;7,84938;9,53548;9,55266;10,4893;10,54402;460,88683515;15,0
2020-12-25;15,44;16,73;15,81;16,79;17,32;15,88;7,65092;7,66466;9,34118;9,358;10,27004;10,3236;458,12444169;15,0
2021-01-01;16,07;18,18;17,42;17,62;17,31;16,96;7,443075;7,4565;9,104575;9,121;10,060925;10,1134;453,10805993;17,0
2021-01-08;15,46;17,54;15,93;17,62;16,77;16,22;7,3539;7,36712;9,03882;9,05514;10,00636;10,05856;437,55112152;17,0
2021-01-15;15,59;17,15;15,3;17,98;16,21;16,12;7,41398;7,42734;9,03314;9,04938;10,06336;10,11582;437,57563784;17,0
2021-01-22;15,55;17,19;15,73;17,12;15,96;16,08;7,43034;7,44372;9,00312;9,01934;10,11828;10,17104;441,71805578;17,0
2021-01-29;15,65;17,57;16,77;17,34;16,46;16,42;7,37768;7,39096;8,95728;8,9734;10,07754;10,13008;434,02748008;17,0
2021-02-05;15,42;17,49;16,73;17,48;16,41;16,27;7,1919;7,20488;8,67374;8,68936;9,8129;9,86406;410,86511023;17,0
2021-02-12;15,51;17,4;16,16;17,68;16,22;16,22;7,0638;7,07656;8,5271;8,54242;9,7093;9,75992;412,17475234;17,0
2021-02-19;15,53;17,18;16,67;17,19;16,54;16,14;6,97206;6,98464;8,4407;8,45592;9,66038;9,71076;398,66801666;17,0
2021-02-26;15,71;17,08;16,46;17,03;16,26;16,24;7,0617;7,07442;8,5832;8,59868;9,92798;9,97974;413,42584648;17,0
2021-03-05;15,58;17,32;17,0;17,27;16,7;16,22;7,35538;7,36864;8,87562;8,8916;10,23406;10,28744;411,49362867;17,0
2021-03-12;15,92;17,39;17,12;17,46;16,78;16,46;7,55672;7,5703;9,00024;9,01644;10,46742;10,52198;419,39012121;17,0
2021-03-19;16,53;17,43;16,95;17,94;15,27;16,8;7,51354;7,5271;8,96266;8,9788;10,4363;10,49074;404,69448779;17,0
2021-03-26;17,24;18,51;19,51;19,12;18,13;17,77;7,77734;7,79132;9,23144;9,2481;10,71138;10,76722;448,93747956;17,0
2021-04-02;16,91;19,08;20,02;20,1;18,76;17,87;8,1862;8,20094;9,6219;9,63922;11,25818;11,31684;455,23616054;19,0
2021-04-09;17,1;18,86;17,71;19,18;17,4;17,7;8,12806;8,1427;9,60684;9,62412;11,21426;11,2727;457,22092007;19,0
2021-04-16;17,21;18,73;17,61;18,63;17,22;17,74;8,11486;8,1295;9,67518;9,6926;11,1387;11,19678;459,99650737;19,0
2021-04-23;17,31;18,65;17,36;18,87;17,53;17,68;8,0883;8,102875;9,7215;9,739025;11,219175;11,277625;478,55210129;19,0
2021-04-30;17,34;18,88;17,89;17,64;17,1;17,93;8,23824;8,25308;9,95142;9,96934;11,43716;11,49678;470,48874806;19,0
2021-05-07;17,33;18,84;18,25;17,13;17,35;17,88;8,29568;8,3106;9,9871;10,0051;11,50286;11,56282;485,03360422;19,0
2021-05-14;17,54;18,74;17,59;17,24;12,99;17,9;8,26846667;8,28333333;10,02966667;10,04776667;11,59306667;11,65346667;500,10089579;19,0
2021-05-21;17,33;18,68;17,85;18,56;17,2;17,87;8,33265;8,34765;10,146;10,164275;11,761125;11,822425;508,20459982;19,0
2021-05-28;17,39;18,89;18,23;18,96;17,78;17,92;8,3993;8,41444;10,26574;10,28424;11,87382;11,93574;522,90571709;19,0
2021-06-04;17,19;18,93;19,2;19,05;18,44;17,88;8,5563;8,57174;10,4352;10,45398;12,10676;12,16988;525,97146857;19,0
2021-06-11;17,35;18,78;17,49;18,22;17,97;17,87;8,5995;8,61498;10,45786;10,4767;12,13594;12,19922;505,70828403;19,0
2021-06-18;17,39;18,78;17,58;18,95;16,73;17,85;8,47712;8,49236;10,25316;10,27164;11,91946;11,9816;494,67224867;19,0
2021-06-25;17,57;18,91;18,01;19,02;17,95;18,08;8,68154;8,69718;10,3427;10,36134;12,05522;12,11806;500,79220693;19,0
2021-07-02;17,25;18,94;19,15;19,18;17,73;17,89;8,69228;8,7079;10,35012;10,36878;12,03054;12,09326;498,73312427;19,0
2021-07-09;17,15;18,93;18,26;18,13;16,39;17,81;8,66972;8,68536;10,26558;10,28404;11,95216;12,01446;502,55745653;19,0
2021-07-16;17,41;18,94;18,4;18,51;17,03;17,98;8,62975;8,645325;10,2138;10,2322;11,9241;11,9863;495,69620847;19,0
2021-07-23;17,38;18,08;15,71;15,78;14,8;17,5;8,5099;8,5252;10,0483;10,0664;11,742;11,8032;494,98939713;19,0
2021-07-30;17,42;19,11;18,53;19,17;17,8;18,25;8,53708;8,55246;10,0844;10,10254;11,79832;11,8598;491,88299088;19,0
2021-08-06;17,18;18,9;16,79;17,02;16,11;17,79;8,41346;8,4286;9,99068;10,00868;11,69988;11,76088;488,25929325;19,0
2021-08-13;17,49;18,95;18,54;17,88;16,32;18,03;8,60434;8,61984;10,11074;10,12892;11,91046;11,97258;487,20526407;19,0
2021-08-20;17,48;18,89;17,51;18,05;15,73;17,98;8,47848;8,49372;9,954;9,97192;11,66418;11,725;485,77386796;19,0
2021-08-27;17,62;18,9;17,85;18,66;16,15;18,04;8,42666;8,44182;9,88358;9,90138;11,51812;11,57818;487,27520288;19,0
2021-09-03;17,47;19,01;18,16;19,41;15,94;18,03;8,307625;8,32255;9,813575;9,831225;11,4106;11,4701;487,58465131;19,0
2021-09-10;17,57;19,07;18,74;18,77;15,94;18,13;8,34832;8,36334;9,89466;9,91248;11,50926;11,56926;485,92695772;19,0
2021-09-17;17,57;19,1;18,99;19,25;17,1;18,14;8,42946;8,44464;9,95174;9,9697;11,64776;11,70846;486,15050392;19,0
2021-09-24;17,31;18,96;18,52;19,05;16,42;17,86;8,6312;8,64674;10,12814;10,14638;11,7985;11,86;499,53698146;19,0
2021-10-01;16,85;18,47;18,32;17,98;16,64;17,47;8,84796;8,8639;10,32888;10,34746;12,01258;12,07522;501,25932802;18,0
2021-10-08;16,78;18,18;16,38;17,2;15,3;17,32;8,86218;8,87816;10,26468;10,28322;12,00486;12,06742;506,11268262;18,0
2021-10-15;16,96;18,2;16,87;16,37;14,85;17,38;8,99966;9,01584;10,41288;10,43162;12,25262;12,3165;525,42978797;18,0
2021-10-22;16,03;17,89;16,59;16,69;14,66;16,68;9,27004;9,28672;10,77626;10,79568;12,74106;12,8075;553,66041664;18,0
2021-10-29;15,54;16,27;14,94;13,95;14,02;15,73;9,56525;9,582475;11,116025;11,136075;13,151375;13,21995;550,41670097;18,0
2021-11-05;15,12;16,36;14,92;15,1;13,1;15,52;9,5745;9,59174;11,08982;11,10984;13,0593;13,1274;565,05;16,0
2021-11-12;15,26;16,32;15,34;14,42;12,82;15,64;9,75718;9,77476;11,26718;11,28748;13,14284;13,21132;598,08;16,0
2021-11-19;14,76;16,29;14,44;14,67;12,53;15,29;10,23072;10,24912;11,64374;11,66474;13,72924;13,80084;666,27;16,0
2021-11-26;14,66;15,84;14,66;14,08;10,41;15,03;11,79234;11,81358;13,27412;13,29804;15,76568;15,84788;709,34;16,0
2021-12-03;14,58;15,99;14,48;16,04;15,79;14,99;12,88396;12,90718;14,56898;14,59522;17,13696;17,22632;785,27;15,0
2021-12-10;14,8;16,3;14,44;14,35;13,15;15,2;13,69762;13,72228;15,46966;15,49752;18,11322;18,2077;795,04;15,0
2021-12-17;14,82;16,41;14,76;15,36;15,22;15,32;14,42048;14,44644;16,275;16,30432;19,06406;19,16344;948,78;15,0
2021-12-24;16,82;17,73;16,64;16,76;16,37;17,09;14,14716;14,17266;15,98044;16,00924;18,75442;18,85218;685,38;15,0
2021-12-31;19,03;20,77;17,75;19,21;15,82;19,53;12,02948;12,05114;13,61326;13,63778;16,12986;16,21394;783,14;15,0
2022-01-07;17,15;19,82;17,69;17,74;16,45;17,88;13,38846;13,41258;15,14706;15,17434;18,0596;18,15376;800,83;14,0
2022-01-14;17,04;19,41;17,83;18,95;16,89;17,72;13,69288;13,71756;15,55436;15,5824;18,61556;18,71258;790,87;14,0
2022-01-21;16,82;19,0;18,5;19,51;17,91;17,52;13,5017;13,52602;15,38228;15,40998;18,40298;18,49892;792,22;14,0
2022-01-28;16,86;18,84;18,73;20,2;18,25;17,55;13,47654;13,5008;15,20772;15,23512;18,15944;18,25412;779,9;14,0
2022-02-04;16,47;18,8;17,73;20,19;17,61;17,33;13,47162;13,49588;15,1274;15,15466;18,12824;18,22276;787,96;14,0
2022-02-11;16,24;18,42;17,59;17,78;16,83;16,91;13,55844;13,58288;15,50202;15,5299;18,3435;18,43912;804,62;14,0
2022-02-18;16,03;17,99;17,63;17,67;16,69;16,74;13,57064;13,59508;15,41418;15,44198;18,36418;18,45992;832,81;14,0
2022-02-25;15,62;17,23;17,44;17,64;16,77;16,19;13,79722;13,82208;15,62058;15,6487;18,69582;18,7933;839,43;14,0
2022-03-04;15,34;17,17;17,27;17,02;15,91;15,84;13,98082;14,006;15,59254;15,62062;18,6699;18,76724;897,89;14,0
2022-03-11;15,1;17,17;17,24;17,13;15,8;15,65;14,46004;14,48608;15,83176;15,8603;19,0287;19,12788;943,08;14,0
2022-03-18;14,91;17,14;17,19;16,82;16,74;15,41;14,75248;14,77906;16,21748;16,2467;19,26294;19,36338;913,49;14,0
2022-03-25;15,02;17,06;17,47;16,62;16,22;15,6;14,80276;14,82944;16,30946;16,33886;19,47314;19,57466;933,31;14,0
2022-04-01;14,96;17,33;17,69;17,68;16,82;15,95;14,74102;14,76756;16,29628;16,32564;19,33476;19,43556;908,41;14,0
2022-04-08;14,86;16,97;17,57;16,78;15,66;15,51;14,69782;14,72432;16,12538;16,15442;19,232;19,33228;921,91;14,0
2022-04-15;15,03;17,09;17,49;16,89;15,81;15,67;14,6509;14,67728;15,93332;15,96204;19,07662;19,17606;928,76;14,0
2022-04-22;15,09;16,98;17,63;16,93;15,4;15,68;14,6361;14,66246;15,8504;15,87896;19,05552;19,15484;914,08;14,0
2022-04-29;14,98;17,05;17,58;16,88;16,05;15,65;14,75874;14,78534;15,74894;15,77732;18,69204;18,78948;904,66;14,0
2022-05-06;14,88;16,93;17,45;16,51;15,81;15,37;14,80825;14,8349;15,65965;15,68785;18,53725;18,63385;904,88;14,0
2022-05-13;14,84;17,07;17,58;17,22;16,38;15,46;15,14104;15,1683;15,93584;15,96456;18,59828;18,69524;900,92;14,0
2022-05-20;14,92;16,83;17,56;16,85;15,01;15,47;15,6777;15,70595;16,39185;16,421375;19,2899;19,390475;943,22;14,0
2022-05-27;15,26;17,13;17,59;17,21;15,63;15,79;16,0988;16,12778;17,16394;17,19486;20,1473;20,25234;963,88;14,0
2022-06-03;15,21;17,59;17,66;16,99;16,19;15,79;16,38868;16,4182;17,57214;17,6038;20,60626;20,7137;976,71;14,0
2022-06-10;15,51;17,78;17,56;17,17;16,31;16,08;16,80694;16,83722;18,0098;18,04226;21,0342;21,14386;1026,87;14,0
2022-06-17;15,66;18,55;17,89;17,47;16,7;16,34;17,21448;17,24546;18,0398;18,0723;20,96612;21,07544;1024,46;14,0
2022-06-24;16,11;18,98;17,75;16,08;16,74;16,83;17,31914;17,35032;18,2269;18,25972;21,18428;21,2947;991,38;14,0
2022-07-01;16,27;19,27;17,86;17,74;16,52;17,15;16,78862;16,81888;17,6718;17,70366;20,49326;20,60012;975,51;14,0
2022-07-08;16,43;19,94;18,03;17,27;16,84;17,28;16,97756;17,00814;17,53664;17,56824;20,39516;20,5015;967,02;14,0
2022-07-15;16,63;19,43;17,85;17,22;16,29;17,1;17,3257;17,3569;17,53405;17,5656;20,65135;20,75905;954,46;14,0
2022-07-22;16,82;20,33;17,91;17,44;16,74;17,72;17,53056;17,56216;17,81656;17,84868;20,91602;21,02506;985,08;14,0
2022-07-29;16,86;19,99;18,01;17,59;16,76;17,64;17,82402;17,85612;18,14152;18,17422;21,4286;21,5403;1016,66;14,0
2022-08-05;16,53;20,02;17,99;18,18;16,71;17,35;17,92456;17,95684;18,30666;18,33966;21,81352;21,92724;1021,59;14,0
2022-08-12;16,71;19,53;17,95;17,72;16,76;17,32;17,93476;17,96706;18,36736;18,40044;21,72336;21,8366;1038,92;14,0
2022-08-19;16,03;18,95;17,76;17,53;16,45;16,79;17,94592;17,97826;18,30128;18,33426;21,6518;21,76468;1015,69;14,0
2022-08-26;15,65;18,32;16,82;16,56;15,58;16,31;18,1083;18,14096;18,08868;18,12128;21,36416;21,47554;1012,65;14,0
2022-09-02;15,16;18,34;16,9;18,67;15,41;15,92;18,168025;18,20075;18,152175;18,184875;21,1822;21,292625;1000,13;13,0
2022-09-09;15,28;19,11;16,96;16,4;15,44;16,16;18,20884;18,24164;18,12182;18,15446;20,9516;21,06084;1005,94;13,0
2022-09-16;15,03;19,2;16,92;16,39;15,75;15,91;18,22658;18,25938;18,36168;18,39478;21,13022;21,24036;982,45;13,0
2022-09-23;14,82;18,93;16,75;16,57;15,36;15,79;18,28536;18,3183;18,18672;18,21946;20,7493;20,8575;972,12;13,0
2022-09-30;14,84;18,33;15,87;15,21;14,7;15,77;18,44754;18,48078;17,82004;17,85216;19,93546;20,03938;987,72;13,0
2022-10-07;14,81;18,73;15,87;16,06;14,83;15,75;18,5434;18,57682;18,28066;18,31358;20,87568;20,98452;1010,7;12,0
2022-10-14;14,92;19,23;15,95;15,7;15,17;15,84;18,56216;18,59562;18,05426;18,0868;20,55622;20,66338;980,82;12,0
2022-10-21;14,28;19,11;15,53;17,58;15,51;15,4;18,5654;18,59884;18,1708;18,20352;20,88018;20,98902;990,27;12,0
2022-10-28;14,45;19,81;14,64;14,34;13,93;15,66;18,58282;18,6163;18,40656;18,43974;21,11844;21,22858;982,39;12,0
2022-11-04;14,39;20,88;14,98;14,11;13,65;15,89;18,59408;18,62758;18,43882;18,47204;21,33692;21,4482;1002,92;10,5
2022-11-11;14,64;21,53;14,96;14,21;13,48;16,28;18,58312;18,6166;18,50176;18,53512;21,13364;21,24384;1057,66;10,5
2022-11-18;14,5;20,69;14,84;14,03;13,57;15,91;18,57346;18,6069;19,22444;19,25908;21,93856;22,05292;1046,27;10,5
2022-11-25;14,58;21,42;14,37;15,53;13,39;16,18;18,60128;18,6348;19,20454;19,23916;22,12916;22,24452;1050,55;10,5
2022-12-02;14,75;21,92;13,81;13,86;11,23;16,28;18,61194;18,64546;19,35778;19,39268;22,41386;22,53068;1076,45;9,0
2022-12-09;15,04;22,5;14,15;14,17;12,42;16,86;18,61488;18,64842;19,57188;19,60712;22,69736;22,81568;1077,61;9,0
2022-12-16;14,96;22,99;14,63;16,44;12,76;16,86;18,62346;18,657;19,71572;19,75122;22,87726;22,99652;1074,57;9,0
2022-12-23;15,42;23,24;14,38;14,36;12,44;17,37;18,6383;18,67186;19,8081;19,8438;22,61808;22,73596;1078,37;9,0
2022-12-30;16,06;24,17;14,97;20,98;12,53;18,56;18,67968;18,71336;19,86434;19,90014;22,4823;22,59952;1095,1;9,0
2023-01-06;15,53;24,03;13,98;14,62;13,73;17,67;18,71396;18,74768;19,88662;19,92248;22,4664;22,58356;1124,77;9,0
2023-01-13;15,67;24,02;13,43;13,34;12,8;17,81;18,7556;18,7894;20,04162;20,07774;22,65082;22,76892;1157,43;9,0
2023-01-20;15,68;24,57;14,62;13,94;11,96;17,97;18,76814;18,80194;20,32178;20,35836;22,97616;23,09598;1160,89;9,0
2023-01-27;16,3;25,31;14,25;13,33;11,54;18,33;18,78106;18,8149;20,4326;20,4694;23,18294;23,3038;1163,98;9,0
2023-02-03;16,26;26,55;15,13;13,3;13,67;18,96;18,78832;18,82218;20,47114;20,508;23,17016;23,29096;1127,84;9,0
2023-02-10;16,38;26,88;14,68;11,44;11,66;19,03;18,80672;18,8406;20,27742;20,31396;22,71902;22,83746;1128,22;9,0
2023-02-17;16,47;26,64;15,34;12,75;12,39;18,95;18,82246;18,85636;20,16486;20,20118;22,72732;22,84584;1112,76;9,0
2023-02-24;16,91;26,95;16,49;12,67;11,79;19,41;18,84632;18,88026;20,06668;20,10282;22,63768;22,7557;1097,81;9,0
2023-03-03;16,78;27,68;15,18;17,28;10,55;19,32;18,86336;18,8973;20,00292;20,03894;22,63212;22,75014;1123,03;8,5
2023-03-10;16,68;27,83;14,93;12,26;11,24;19,49;18,8945;18,92854;20,03638;20,0725;22,53334;22,65082;1137,89;8,5
2023-03-17;16,72;27,64;15,03;12,37;11,62;19,51;18,95442;18,98856;20,20052;20,2369;22,85872;22,97788;1215,28;8,5
2023-03-24;17,39;28,1;14,0;12,79;11,58;19,97;19,00212;19,03638;20,42326;20,46004;23,2095;23,33052;1210,09;8,5
2023-03-31;17,79;29,23;15,39;13,27;12,15;20,44;19,0884;19,12278;20,63992;20,67712;23,4309;23,5531;1212,52;8,5
2023-04-07;17,34;28,96;20,13;15,52;14,46;20,51;19,19896;19,23356;20,92808;20,96574;23,82058;23,94478;1240,8;8,5
2023-04-14;18,27;28,0;18,73;14,49;11,75;20,76;19,26572;19,30044;21,0614;21,09932;23,93316;24,05792;1246,71;8,5
2023-04-21;18,76;27,68;19,47;12,83;11,7;20,74;19,36165;19,396525;21,276675;21,314975;24,056575;24,18195;1234,71;8,5
2023-04-28;19,56;28,73;18,86;12,12;10,99;21,92;19,39456;19,4295;21,35504;21,39352;24,11058;24,23628;1244,08;8,5
2023-05-05;18,72;29,05;20,51;11,24;11,6;21,12;19,446075;19,4811;21,421875;21,460475;24,281225;24,407775;1264,91;8,5
2023-05-12;20,28;30,47;20,17;13,15;11,29;22,5;19,50032;19,53546;21,42506;21,46368;24,55762;24,68564;1264,55;8,5
2023-05-19;21,12;32,45;20,01;11,26;11,63;23,57;19,654275;19,6897;21,37585;21,41435;24,515675;24,643475;1258,78;8,5
2023-05-26;24,21;33,88;19,04;14,57;12,94;25,92;19,83102;19,86674;21,38798;21,42652;24,57264;24,70072;1247,08;8,5
2023-06-02;23,46;37,39;25,65;28,71;14,54;26,93;20,3446;20,38128;21,78608;21,82532;25,14888;25,28;1312,24;8,5
2023-06-09;26,49;39,42;26,93;17,57;13,72;29,37;21,95798;21,99754;23,5294;23,5718;27,28994;27,43222;1473,07;8,5
2023-06-16;27,28;40,72;24,27;18,32;16,12;30,32;23,58392;23,6264;25,45506;25,50092;29,65908;29,8137;1486,12;8,5
2023-06-23;30,75;41,98;25,79;20,1;12,84;32,9;23,60522;23,64774;25,83116;25,87766;30,1098;30,2668;1562,95;8,5
2023-06-30;28,45;38,45;27,56;27,39;17,68;30,11;25,5368;25,5828;27,80595;27,85605;32,4293;32,59835;1607,94;8,5
2023-07-07;28,09;37,83;28,16;29,36;16,94;30,84;25,99008;26,0369;28,30262;28,3536;32,97596;33,14788;1612,56;15,0
2023-07-14;26,01;34,99;25,66;18,61;17,93;27,83;26,0792;26,12616;28,70366;28,75538;33,54514;33,72004;1640,09;15,0
2023-07-21;25,2;30,36;24,17;18,59;17,47;26,04;26,59814;26,64608;29,8647;29,9185;34,59178;34,77214;1700,37;15,0
2023-07-28;23,44;29,32;26,76;20,19;18,81;25,22;26,9202;26,9687;29,87218;29,926;34,62872;34,80924;1696,59;15,0
2023-08-04;22,96;27,77;24,85;21,41;18,29;24,24;26,93852;26,98704;29,57632;29,6296;34,39184;34,5711;1682,49;17,5
2023-08-11;23,01;29,06;25,29;19,56;18,56;24,81;26,97772;27,02632;29,61362;29,66694;34,29826;34,47708;1652,36;17,5
2023-08-18;22,91;30,06;24,79;21,72;18,7;24,85;27,02768;27,07638;29,5519;29,60514;34,31804;34,49694;1643,86;17,5
2023-08-25;25,06;30,76;23,82;20,13;19,8;26,01;27,12462;27,17346;29,48006;29,53316;34,44108;34,62066;1633,94;17,5
2023-09-01;26,96;37,59;30,99;30,55;25,24;30,27;26,5438;26,591625;28,727575;28,779275;33,43705;33,61135;1664,15;25,0
2023-09-08;27,48;40,87;31,73;32,61;25,7;31,59;26,74974;26,79792;28,80328;28,8552;33,58592;33,76104;1655,21;25,0
2023-09-15;29,12;41,87;32,69;29,65;26,25;33,51;26,86352;26,91192;28,81166;28,86356;33,48682;33,6614;1664,68;25,0
2023-09-22;31,58;42,74;33,54;30,38;26,73;34,57;26,97964;27,02824;28,79478;28,8467;33,32774;33,50148;1677,18;25,0
2023-09-29;33,25;45,21;38,03;35,61;31,49;37,15;27,2258;27,27484;28,83258;28,88454;33,15438;33,32722;1629,14;25,0
2023-10-06;32,52;45,49;38,68;34,09;30,43;37,15;27,45818;27,50762;28,9074;28,9595;33,30116;33,4748;1622,69;30,0
2023-10-13;34,27;44,62;37,97;34,82;30,31;37,9;27,65802;27,70786;29,25992;29,31264;33,80322;33,97946;1724,79;30,0
2023-10-20;34,22;43,74;37,81;34,01;32,04;37,45;27,8766;27,92682;29,40274;29,4557;33,85922;34,03574;1780,03;30,0
2023-10-27;35,72;41,72;38,89;35,1;32,78;37,53;28,04372;28,09426;29,69886;29,75234;34,01252;34,1898;1816,27;30,0
2023-11-03;36,65;44,49;43,75;39,54;35,7;40,09;28,23072;28,28158;29,89266;29,94654;34,23564;34,41414;1819,3;35,0
2023-11-10;37,04;45,85;43,42;41,68;35,14;40,58;28,42484;28,47604;30,38306;30,4378;34,88502;35,06686;1777,16;35,0
2023-11-17;37,11;46,25;44,21;39,84;35,22;40,78;28,5759;28,62738;30,74118;30,79656;35,15766;35,34096;1825,14;35,0
2023-11-24;38,81;46,07;46,47;40,83;38,24;41,76;28,73042;28,78218;31,3408;31,39726;35,84088;36,02774;1856,44;35,0
2023-12-01;40,77;49,33;48,87;45,12;37,2;44,02;28,8449;28,89688;31,57272;31,6296;36,37194;36,56158;1924,27;40,0
2023-12-08;41,97;50,49;47,46;39,35;38,1;44,94;28,86612;28,91812;31,26326;31,31958;36,37928;36,56892;1859,45;40,0
2023-12-15;42,17;52,17;49,63;40,02;37,5;45,8;28,96008;29,01228;31,29192;31,34832;36,35484;36,54436;1881,45;40,0
2023-12-22;43,13;52,6;50,38;40,33;39,59;46,37;29,03546;29,0878;31,78396;31,84122;36,7759;36,9676;1930,06;40,0
2023-12-29;43,68;52,5;51,67;42,29;37,76;47,06;29,26892;29,32164;32,32072;32,37896;37,18194;37,37582;1954,47;40,0
2024-01-05;44,05;51,29;50,02;42,9;37,77;46,48;29,647575;29,701;32,588275;32,647;37,58;37,775925;1956,17;42,5
2024-01-12;43,84;51,05;49,8;41,99;37,81;46,18;29,87192;29,92572;32,68954;32,74842;37,91436;38,11202;1980,38;42,5
2024-01-19;44,02;49,98;47,76;41,45;37,79;45,9;30,053;30,10714;32,80398;32,86308;38,10212;38,30076;1969,29;42,5
2024-01-26;44,91;49,61;49,09;42,46;38,72;46,36;30,1908;30,24522;32,87342;32,93268;38,3245;38,52432;1963,11;42,5
2024-02-02;43,89;50,99;51,08;43,89;39,1;46,63;30,2852;30,33974;32,78324;32,8423;38,35424;38,55418;1992,96;45,0
2024-02-09;43,8;50,93;50,15;41,51;39,79;46,48;30,48576;30,54068;32,88244;32,94168;38,44046;38,64086;1996,15;45,0
2024-02-16;44,21;52,03;50,61;42,22;37,9;47,01;30,65632;30,71152;32,96402;33,02342;38,56658;38,76764;1995,07;45,0
2024-02-23;44,08;51,89;49,27;43,61;39,42;46,82;30,84654;30,9021;33,30926;33,36928;38,859;39,06158;2026,05;45,0
2024-03-01;44,56;53,25;50,61;41,55;40,45;47,82;31,08046;31,13644;33,67172;33,7324;39,3052;39,51014;2096,2;45,0
2024-03-08;45,14;53,63;50,77;43,38;39,91;48,2;31,52596;31,58276;34,22596;34,28764;39,9406;40,14882;2234,68;45,0
2024-03-15;46,43;55,66;50,33;42,37;44,8;49,63;31,97742;32,03502;34,97034;35,03336;40,90074;41,11398;2226,53;45,0
2024-03-22;48,69;59,52;51,55;42,63;37,57;52,01;32,25704;32,31516;35,09756;35,1608;40,99252;41,20626;2228,12;45,0
2024-03-29;52,53;64,3;59,68;48,69;44,65;57,3;32,11036;32,1682;34,75008;34,81266;40,45648;40,66742;2325,55;45,0
2024-04-05;54,65;67,48;61,17;47,92;47,66;59,54;32,11024;32,16812;34,63644;34,69886;40,41166;40,62238;2399,6;50,0
2024-04-12;55,18;65,85;59,29;48,23;42,5;57,98;31,96345;32,021;34,6241;34,6865;40,2979;40,50805;2437,77;50,0
2024-04-19;55,33;68,88;59,53;46,95;44,62;60,34;32,33114;32,38938;34,54312;34,60538;40,33628;40,5466;2506,38;50,0
2024-04-26;56,45;68,06;60,89;48,77;42,58;60,31;32,489625;32,548175;34,6944;34,756925;40,327975;40,53825;2435,78;50,0
2024-05-03;56,4;68,03;63,99;49,13;44,1;61,05;32,35515;32,4134;34,676125;34,7386;40,457025;40,66795;2393,08;50,0
2024-05-10;55,97;68,18;62,97;49,86;44,26;60,53;32,21254;32,27056;34,6289;34,6913;40,28242;40,49242;2443,25;50,0
2024-05-17;56,53;63,71;61,16;50,1;45,72;58,68;32,1769;32,23486;34,78372;34,8464;40,40336;40,614;2499,59;50,0
2024-05-24;56,08;61,77;59,23;50,59;41,89;58,06;32,15372;32,21164;34,9015;34,96436;40,78478;40,99742;2420,41;50,0
2024-05-31;55,9;61,0;57,46;50,49;45,97;57,54;32,16658;32,22454;34,88252;34,9454;40,90692;41,1202;2411,29;50,0
2024-06-07;55,56;60,95;58,66;51,39;48,66;57,57;32,23764;32,29572;35,0155;35,07858;41,04424;41,25824;2385,17;50,0
2024-06-14;55,34;60,28;58,55;51,31;44,85;57,1;32,2827;32,34086;34,82926;34,89204;41,10336;41,31764;2456,07;50,0
2024-06-21;55,63;58,38;55,76;46,63;41,65;56,15;32,5145;32,5731;34,83045;34,89315;41,25205;41,4671;2450,6;50,0
2024-06-28;54,78;59,17;57,54;48,78;42,58;56,36;32,8472;32,90638;35,16096;35,22434;41,51746;41,7339;2442,11;50,0
2024-07-05;54,83;59,45;56,98;50,31;42,06;56,55;32,61398;32,67274;35,04828;35,11144;41,28662;41,50188;2508,98;50,0
2024-07-12;54,34;59,56;56,95;50,2;41,41;56,16;32,74772;32,80672;35,46182;35,52572;41,89752;42,11596;2562,53;50,0
2024-07-19;54,72;59,27;54,36;47,45;41,41;55,77;33,001525;33,061;36,002275;36,067125;42,7624;42,98535;2544,82;50,0
2024-07-26;54,52;59,25;53,84;55,06;41,2;55,75;32,92454;32,9839;35,77578;35,84024;42,43164;42,65286;2525,07;50,0
2024-08-02;54,39;59,09;53,23;52,77;42,89;55,79;33,02032;33,0798;35,75208;35,8165;42,31186;42,53246;2609,26;50,0
2024-08-09;53,89;58,48;51,46;54,19;41,98;55,2;33,33512;33,39516;36,3588;36,42432;42,34238;42,56314;2627,28;50,0
2024-08-16;53,82;59,23;52,58;52,54;37,37;55,33;33,49918;33,55954;36,71404;36,78018;42,81602;43,03924;2713,25;50,0
2024-08-23;53,93;59,06;53,41;52,63;44,07;55,47;33,74168;33,80248;37,36408;37,4314;43,7852;44,01346;2742,51;50,0
2024-08-30;53,94;59,36;51,53;54,2;39,1;55,29;33,9337;33,99485;37,83505;37,903225;44,679425;44,912375;2741,7;50,0
2024-09-06;54,09;59,27;52,28;53,12;35,78;55,95;33,9223;33,98342;37,56104;37,62868;44,51712;44,74924;2725,55;50,0
2024-09-13;54,01;60,18;52,1;51,0;36,42;56,15;33,93798;33,9991;37,51026;37,57784;44,3793;44,61068;2814,54;50,0
2024-09-20;54,74;59,84;51,56;55,51;38,56;56,26;33,93568;33,99684;37,75892;37,82694;44,72582;44,95898;2873,67;50,0
2024-09-27;54,84;59,5;50,53;50,23;39,34;56,11;34,05698;34,11832;37,96992;38,03832;45,35352;45,58998;2917,45;50,0
2024-10-04;54,8;59,76;49,35;48,93;44,72;56,26;34,12042;34,18192;37,90816;37,97646;45,32798;45,5643;2922,23;50,0
2024-10-11;54,46;59,19;49,73;50,56;40,02;55,94;34,1771;34,23868;37,51476;37,58236;44,70134;44,9344;2925,48;50,0
2024-10-18;54,74;59,64;48,24;47,29;35,89;56,06;34,1693;34,23084;37,25224;37,31934;44,48016;44,71208;2999,66;50,0
2024-10-25;54,48;59,47;48,98;47,26;43,93;55,82;34,18616;34,24774;36,98688;37,05352;44,35986;44,59112;3027,16;50,0
2024-11-01;55,07;58,98;49,55;50,55;36,33;56,02;34,19155;34,25315;37,042375;37,10915;44,3171;44,548125;3019,05;50,0
2024-11-08;54,38;59,01;48,12;52,43;36,04;55,48;34,22836;34,29;37,06938;37,13614;44,1891;44,41948;2964,6;50,0
2024-11-15;54,98;58,97;49,42;49,74;37,12;55,99;34,2945;34,3563;36,5185;36,5843;43,88632;44,1151;2835,76;50,0
2024-11-22;54,63;59,3;50,54;51,37;38,64;56,06;34,43366;34,49566;36,34782;36,4133;43,4953;43,72206;3014,47;50,0
2024-11-29;54,51;59,18;51,27;47,62;36,46;55,93;34,53954;34,60178;36,24464;36,30994;43,40456;43,63084;2955,39;50,0
2024-12-06;54,38;59,54;50,69;49,55;40,77;55,94;34,65236;34,71478;36,47612;36,54184;43,9187;44,14768;2940,19;50,0
2024-12-13;54,91;59,24;51,82;50,61;39,54;56,21;34,77016;34,83282;36,64694;36,71296;44,27068;44,5015;2972,73;50,0
2024-12-20;55,04;59,45;53,9;49,3;40,74;56,54;34,92842;34,99136;36,58462;36,65052;44,14936;44,37948;2964,24;50,0
2024-12-27;54,5;59,16;48,16;48,39;38,22;55,68;35,15386;35,21716;36,55992;36,62578;43,99482;44,22418;2955,71;50,0
2025-01-03;53,97;56,88;45,97;46,18;42,99;54,58;35,223225;35,286675;36,643225;36,709275;44,08825;44,318125;2997,92;47,5
2025-01-10;53,33;55,64;45,11;45,61;38,49;53,55;35,28932;35,3529;36,47368;36,5394;43,7955;44,02382;3060,11;47,5
2025-01-17;52,72;55,0;43,64;44,36;31,87;52,87;35,40236;35,46614;36,36266;36,42816;43,14774;43,3727;3078,22;47,5
2025-01-24;51,82;53,58;44,13;46,83;37,54;51,83;35,53096;35,59496;36,81348;36,87982;43,48916;43,71592;3175,14;47,5
2025-01-31;50,68;52,5;40,62;46,05;36,39;50,61;35,67702;35,7413;37,26064;37,32774;44,30146;44,53242;3211,37;47,5
2025-02-07;50,7;52,5;39,89;46,02;35,45;50,64;35,85662;35,92122;37,09438;37,1612;44,45548;44,68724;3309,3;45,0
2025-02-14;50,0;52,11;41,67;46,3;34,97;50,13;35,9764;36,04124;37,28106;37,34826;44,64276;44,8755;3357,02;45,0
2025-02-21;49,93;51,76;41,89;44,86;34,03;50,17;36,18572;36,25092;37,83958;37,90776;45,50806;45,74534;3433,42;45,0
2025-02-28;49,55;52,03;42,77;45,77;33,09;50,05;36,35734;36,42282;38,10926;38,17794;45,91466;46,15404;3342,74;45,0
2025-03-07;48,44;51,45;43,67;45,15;36,51;49,18;36,387;36,45256;38,43288;38,5021;46,23818;46,47926;3412,91;45,0
2025-03-14;47,98;49,91;42,87;44,31;37,32;48,35;36,47174;36,53748;39,64908;39,72052;47,06174;47,30706;3496,97;45,0
2025-03-21;48,53;49,98;41,56;43,44;33,68;48,77;37,128;37,1949;40,43742;40,51026;48,04404;48,2945;3669,71;45,0
2025-03-28;50,61;53,59;41,23;43,31;35,81;51,41;37,89596;37,96426;40,963;41,0368;48,91848;49,1735;3755,77;45,0
2025-04-04;51,07;53,75;42,41;47,91;36,78;51,57;37,8284;37,89656667;41,1055;41,17956667;49,1246;49,38066667;3709,79;42,5
2025-04-11;50,92;54,6;40,74;47,53;29,36;51,93;37,90136;37,96968;41,70664;41,7818;48,68386;48,9377;3959,93;42,5
2025-04-18;52,77;55,68;42,12;51,34;43,51;53,35;37,9974;38,06588;43,18024;43,25806;50,06408;50,32508;4064,44;42,5
2025-04-25;53,75;56,58;41,34;51,83;31,04;54,27;38,119375;38,188;43,629825;43,70845;50,75265;51,01725;4096,71;42,5
2025-05-02;55,54;57,9;41,82;51,88;42,71;55,86;38,3369;38,40595;43,5665;43,644975;51,09625;51,36265;4018,35;46,0
2025-05-09;56,27;58,3;41,6;50,56;33,1;56,48;38,50296;38,57232;43,62134;43,69994;51,16372;51,43044;4142,38;46,0
2025-05-16;56,33;59,24;45,46;51,85;34,43;56,95;38,65782;38,72744;43,2308;43,30866;51,16302;51,42976;4000,26;46,0
2025-05-23;56,27;59,21;45,95;50,78;40,28;56,94;38,7305;38,800275;43,663275;43,7419;51,7161;51,985725;4200,03;46,0
2025-05-30;56,58;59,32;46,65;49,7;41,15;57,24;38,92256;38,99268;44,11608;44,19556;52,4933;52,767;4145,12;46,0
2025-06-06;56,69;59,6;47,62;48,86;41,46;57,36;39,07875;39,149125;44,495275;44,5754;52,72075;52,995625;4171,99;46,0
2025-06-13;55,96;58,64;47,51;48,6;37,57;56,69;39,132875;39,203375;44,7892;44,869925;52,818525;53,0939;4346,49;46,0
2025-06-20;55,61;58,59;46,5;46,57;41,44;56,4;39,35602;39,42692;45,3686;45,45034;53,08882;53,36558;4292,72;46,0
2025-06-27;55,8;57,8;39,16;49,54;34,35;56,19;39,61526;39,68666;45,89028;45,97296;53,65892;53,9387;4196,19;46,0
2025-07-04;55,27;57,86;45,26;47,52;41,42;56,06;39,73254;39,80412;46,7317;46,81586;54,3921;54,67568;4273,15;46,0
2025-07-11;54,39;57,03;41,6;47,33;40,09;54,72;39,89078;39,96266;46,82232;46,9067;54,2081;54,49072;4331,98;46,0
2025-07-18;53,72;56,66;44,02;48,37;26,88;54,65;40,1153;40,187525;46,71145;46,795575;53,866975;54,14785;4347,52;46,0
2025-07-25;51,78;54,97;40,13;48,18;34,74;52,52;40,32716;40,3998;47,15766;47,2426;54,32478;54,60802;4351,37;46,0
2025-08-01;51,25;52,56;42,07;45,48;30,12;51,4;40,47518;40,54812;46,92374;47,00828;54,01562;54,29726;4393,86;43,0
2025-08-08;51,0;52,32;38,09;45,14;33,85;51,0;40,57792;40,65102;46,89452;46,979;53,81592;54,09648;4442,44;43,0
2025-08-15;50,57;51,55;41,06;44,79;32,7;50,5;40,63838;40,71162;47,3837;47,46906;54,75298;55,03842;4374,77;43,0
2025-08-22;50,22;51,68;41,78;44,02;36,45;50,41;40,81026;40,88382;47,6145;47,7003;55,05818;55,34524;4436,48;43,0
2025-08-29;50,01;51,64;47,35;44,59;24,75;50,49;40,92978;41,0035;47,62458;47,71038;55,0276;55,3145;4557,82;43,0
2025-09-05;49,84;51,0;47,67;43,05;27,31;50,1;41,04694;41,12086;47,89472;47,981;55,1182;55,40558;4749,43;43,0
2025-09-12;48,51;50,89;47,02;41,83;33,62;49,27;41,17666;41,25088;48,22492;48,3118;55,58028;55,87004;4840,91;43,0
2025-09-19;48,28;49,49;45,3;40,62;29,3;48,61;41,23012;41,30442;48,60586;48,6934;56,01668;56,3087;4898,91;43,0
2025-09-26;48,54;50,24;46,5;42,09;24,98;49,05;41,32756;41,40198;48,62716;48,71476;55,63406;55,9241;5020,81;43,0
2025-10-03;47,99;49,95;45,88;42,74;33,66;48,64;41,49288;41,56764;48,65986;48,7475;55,6685;55,95874;5208,81;40,5
2025-10-10;47,5;49,82;44,53;42,06;26,87;48,24;41,60838;41,68334;48,52794;48,61538;55,7384;56,029;5402,94;40,5
2025-10-17;47,72;50,14;45,13;43,44;38,03;48,45;41,72854;41,8037;48,4103;48,4975;55,55524;55,84484;5726,64;40,5
2025-10-24;47,15;49,89;43,73;42,66;36,8;48,07;41,87006;41,94548;48,71076;48,7985;55,93474;56,22634;5541,37;40,5
2025-10-31;46,92;48,13;43,94;42,61;35,15;47,25;41,870625;41,946025;48,667425;48,755125;55,57095;55,860675;5410,04;40,5
2025-11-07;46,51;48,1;43,18;43,52;31,0;47,01;41,99006;42,06568;48,37386;48,461;54,88616;55,1723;5428,38;39,5
2025-11-14;46,35;47,58;44,5;42,83;25,47;46,69;42,13;42,20594;48,74964;48,83746;55,2571;55,5452;5536,61;39,5
2025-11-21;46,56;47,91;45,0;41,44;29,84;46,96;42,2493;42,32542;48,9412;49,02938;55,38902;55,67778;5542,59;39,5
2025-11-28;46,54;47,84;45,65;43,85;39,58;46,92;42,34728;42,4236;48,91186;49,0;55,54118;55,83072;5764,99;39,5
2025-12-05;46,57;47,74;45,6;43,12;39,14;46,88;42,37508;42,4514;49,25594;49,34468;56,0537;56,34594;5737,97;39,5
2025-12-12;45,54;46,92;44,68;42,89;38,56;45,96;42,47666;42,55318;49,52372;49,61294;56,56378;56,85868;5901,15;39,5
2025-12-19;45,28;46,15;43,49;41,18;38,92;45,46;42,61946;42,69624;50,01104;50,10112;56,88612;57,18272;5961,91;39,5
2025-12-26;45,24;45,73;43,79;41,49;37,55;45,34;42,72842;42,8054;50,25662;50,34716;57,45006;57,74956;6247,21;39,5
2026-01-02;45,18;46,09;43,16;40,27;39,01;45,41;42,83195;42,909125;50,386425;50,4772;57,658575;57,9592;5991,29;38,0
2026-01-09;44,7;45,79;43,15;41,81;36,66;44,98;42,95222;43,02958;50,25532;50,34588;57,78678;58,08802;6232,41;38,0
2026-01-16;44,49;46,21;42,84;41,71;36,65;45,01;43,06618;43,14378;50,196;50,28644;57,80286;58,10424;6393,98;38,0
2026-01-23;43,7;45,09;42,12;41,32;36,91;44,0;43,18598;43,2638;50,40252;50,49334;57,8768;58,17856;6947,78;38,0
2026-01-30;43,46;44,38;42,19;40,34;36,42;43,7;43,29884;43,37686;51,45432;51,54702;59,1884;59,49698;6843,91;38,0
2026-02-06;43,72;44,8;42,19;40,45;35,28;43,97;43,41048;43,4887;51,39964;51,49226;59,32154;59,6308;6960,41;37,0
2026-02-13;43,43;44,65;43,25;42,24;37,87;43,77;43,53018;43,60858;51,67506;51,76814;59,2571;59,56606;7079,44;37,0
2026-02-20;43,29;44,8;43,31;39,9;37,03;43,74;43,63984;43,71846;51,66448;51,75756;59,17062;59,4791;7195,77;37,0
2026-02-27;42,97;44,38;43,33;41,05;37,19;43,38;43,76228;43,84116;51,59264;51,68562;58,99216;59,2997;7453,6;37,0
2026-03-06;44,28;44,82;42,72;40,74;38,45;44,39;43,8766;43,95562;51,23188;51,32418;58,5864;58,89184;7326,16;37,0
2026-03-13;44,32;45,24;43,54;43,48;37,04;44,56;43,98324;44,0625;50,97816;51,07;58,80394;59,11052;7130,84;37,0
2026-03-20;44,64;45,68;44,24;42,47;31,66;44,9;44,09505;44,1745;50,6577;50,748975;58,551525;58,85675;6392,22;37,0
2026-03-27;45,14;46,59;43,52;43,49;31,78;45,65;44,23922;44,31894;51,14726;51,23944;59,01296;59,32062;6416,31;37,0
2026-04-03;46,29;48,8;46,07;43,12;33,88;47,11;44,37564;44,45558;51,12704;51,21916;58,7064;59,01244;6684,7;37,0
2026-04-10;46,12;49,02;45,73;46,24;24,3;47,0;44,4855;44,56566;51,61388;51,70686;59,12706;59,43532;6807,31;37,0
2026-04-17;46,27;49,09;46,3;42,95;26,69;47,16;44,6291;44,70948;52,4351;52,52958;60,15442;60,46802;6975,38;37,0
2026-04-24;46,33;48,64;44,74;42,46;39,26;46,96;44,77935;44,86005;52,691625;52,78655;60,421775;60,7368;6811,85;37,0
2026-05-01;46,67;49,08;46,8;42,13;32,45;47,44;44,937225;45,018175;52,611275;52,706075;60,59635;60,912275;6699,31;37,0
2026-05-08;46,41;48,85;44,68;41,57;42,59;47,24;45,10146;45,18274;52,87772;52,97298;61,08254;61,401;6871,43;37,0
2026-05-15;46,33;48,96;47,29;44,32;31,47;47,25;45,2954;45,37698;53,1702;53,266;61,28412;61,60364;6638,83;37,0
2026-05-22;46,49;48,81;47,44;45,85;34,75;47,3;45,468025;45,549925;52,8346;52,9298;60,756675;61,073375;6628,03;37,0
2026-05-29;46,56;48,5;45,24;42,04;23,47;46,93;45,5922;45,67435;52,99115;53,08665;61,2537;61,57305;6673,73;37,0
2026-06-05;46,53;49,3;48,11;45,88;43,11;47,66;45,81062;45,89314;53,3036;53,39964;61,56884;61,88982;6407,78;37,0
2026-06-12;46,48;49,36;48,17;45,17;40,59;47,53;46,01432;46,09722;53,19022;53,28606;61,48994;61,81054;6275,18;37,0
2026-06-19;46,5;49,5;49,49;47,55;43,77;47,6;46,19362;46,27688;53,46322;53,55956;61,72676;62,0486;6203,02;37,0
2026-06-26;46,63;49,2;48,6;45,9;42,06;47,43;46,37616;46,4597;52,886;52,98128;61,12696;61,44562;6127,94;37,0
2026-07-03;46,49;48,97;47,03;44,07;40,89;47,23;46,55454;46,63842;53,07376;53,16938;61,57424;61,89528;6281,09;37,0
2026-07-10;46,41;48,27;46,09;43,31;40,08;47,05;46,73544;46,81964;53,41116;53,5074;62,37194;62,69712;6221,15;37,0
2026-07-17;46,13;47,99;45,5;43,26;39,35;46,72;46,9032;46,9877;53,6136;53,710175;62,86315;63,1909;6090,15;37,0
2026-07-24;46,53;47,83;46,52;44,54;39,6;46,92;47,09412;47,179;53,79542;53,89234;63,07854;63,40742;6166,33;37,0
2026-07-31;46,25;47,7;44,78;43,12;38,37;46,65;47,27152;47,35668;53,88572;53,98282;62,8664;63,19418;6172,69;37,0
2026-08-07;46,19;47,91;45,34;42,33;37,62;46,64;47,45158;47,53708;54,69184;54,79034;63,7358;64,06806;6658,08;37,0
2026-08-14;46,04;47,4;45,01;40,94;39,12;46,46;47,6306;47,71642;54,9521;55,0511;64,13942;64,4738;6736,59;37,0
2026-08-21;46,13;47,14;45,4;42,57;35,97;46,42;47,81434;47,90048;55,48646;55,58644;64,7227;65,06014;7109,8;37,0
2026-08-28;44,81;44,79;43,47;41,89;36,72;44,76;47,99196;48,0784;55,99904;56,09996;65,28332;65,62366;6906,18;37,0
2026-09-04;44,48;44,37;43,26;41,16;39,65;44,37;48,17362;48,2604;55,89816;55,99886;65,07552;65,4148;6897,81;
2026-09-11;43,92;43,9;43,73;38,86;38,0;43,9;48,34984;48,43694;56,2079;56,3092;65,34966;65,69036;6786,96;
2026-09-18;43,37;44,02;43,42;39,93;38,32;43,56;48,5377;48,62518;56,00876;56,10966;65,25676;65,59698;6862,19;
2026-09-25;;;;;;;48,7148;48,80256;55,74406;55,84446;64,8179;65,15584;6738,93;
